99/01/25＊,2148.0,60459.0,28.6,30.7,26.2,30.3,12.30,1240.0
99/01/26,1107.0,32136.0,30.4,30.6,27.4,27.8,-2.50,624.0
99/01/27,441.0,11925.0,28.1,28.25,26.0,26.0,-1.80,270.0
99/01/28,578.0,15946.0,26.5,28.2,26.5,27.85,1.85,327.0
99/01/29,484.0,13169.0,27.5,27.95,26.2,27.95,0.10,247.0
共5筆
1.「＊」表示該日為該股票上櫃掛牌首日，其掛牌首日之漲跌係以當日收盤價減承銷價計算而得。
99/02/01,582.0,16557.0,29.0,29.5,28.0,28.0,0.05,307.0
99/02/02,346.0,9609.0,28.5,28.7,26.8,26.8,-1.20,202.0
99/02/03,219.0,5880.0,27.0,27.1,26.3,27.0,0.20,139.0
99/02/04,277.0,7641.0,27.1,28.0,27.1,27.6,0.60,174.0
99/02/05,213.0,5643.0,26.6,27.0,26.0,26.05,-1.55,139.0
99/02/06,87.0,2268.0,26.05,26.7,25.5,26.0,-0.05,70.0
99/02/08,83.0,2160.0,26.5,26.5,25.5,25.6,-0.40,53.0
99/02/09,203.0,5215.0,25.55,26.05,25.3,26.0,0.40,102.0
99/02/10,150.0,3916.0,26.5,26.5,26.0,26.0,0.00,87.0
99/02/22,142.0,3743.0,26.5,26.8,26.1,26.35,0.35,81.0
99/02/23,94.0,2450.0,26.35,26.35,26.0,26.1,-0.25,58.0
99/02/24,144.0,3764.0,26.1,26.5,25.7,26.5,0.40,73.0
99/02/25,125.0,3321.0,26.4,26.9,26.15,26.15,-0.35,76.0
99/02/26,117.0,3073.0,26.8,26.8,26.05,26.05,-0.10,69.0
99/03/01,143.0,3740.0,26.5,26.6,26.0,26.1,0.05,74.0
99/03/02,565.0,15410.0,26.6,27.9,26.1,27.5,1.40,299.0
99/03/03,192.0,5191.0,27.3,27.3,26.7,26.7,-0.80,113.0
99/03/04,171.0,4572.0,26.7,27.1,26.55,26.55,-0.15,97.0
99/03/05,697.0,19345.0,26.7,28.4,26.65,28.4,1.85,319.0
99/03/08,456.0,13840.0,30.35,30.35,30.35,30.35,1.95,178.0
99/03/09,649.0,21044.0,32.45,32.45,32.45,32.45,2.10,215.0
99/03/10,566.0,19656.0,34.7,34.7,34.7,34.7,2.25,271.0
99/03/11,562.0,20850.0,37.1,37.1,37.1,37.1,2.40,236.0
99/03/12,5401.0,213416.0,39.65,39.65,38.2,39.65,2.55,1910.0
99/03/15,2808.0,113996.0,40.05,41.9,39.3,40.95,1.30,1299.0
99/03/16,1092.0,43872.0,41.0,41.0,39.7,40.85,-0.10,633.0
99/03/17,2393.0,100435.0,41.2,43.6,40.0,42.9,2.05,1114.0
99/03/18,1094.0,46100.0,42.3,42.5,41.6,42.2,-0.70,530.0
99/03/19,1245.0,54131.0,42.0,44.5,41.6,44.0,1.80,605.0
99/03/22,1073.0,49794.0,44.5,47.05,44.5,47.05,3.05,356.0
99/03/23,743.0,37320.0,50.1,50.3,50.1,50.3,3.25,289.0
99/03/24,2575.0,136677.0,53.8,53.8,50.8,53.8,3.50,912.0
99/03/25,2169.0,118954.0,54.0,57.5,51.7,57.5,3.70,1130.0
99/03/26,1781.0,107972.0,57.4,61.5,56.5,61.5,4.00,1018.0
99/03/29,986.0,64406.0,64.0,65.8,63.6,65.8,4.30,474.0
99/03/30,454.0,31916.0,70.2,70.4,70.0,70.4,4.60,262.0
99/03/31,2948.0,203687.0,75.0,75.3,65.5,65.5,-4.90,1694.0
99/04/01,2448.0,151164.0,61.5,63.5,61.2,61.2,-4.30,1121.0
99/04/02,1412.0,90495.0,62.2,64.8,62.2,64.8,3.60,764.0
99/04/06,1254.0,82628.0,67.9,67.9,64.5,64.5,-0.30,722.0
99/04/07,1138.0,73639.0,64.6,67.5,62.5,67.5,3.00,691.0
99/04/08,1284.0,87379.0,67.5,70.3,65.8,67.0,-0.50,840.0
99/04/09,992.0,67725.0,69.7,69.8,67.2,67.9,0.90,635.0
99/04/12,1632.0,110747.0,69.2,69.2,66.5,67.0,-0.90,821.0
99/04/13,1711.0,110410.0,66.8,66.8,63.6,63.9,-3.10,867.0
99/04/14,1734.0,111571.0,63.8,66.7,62.8,64.5,0.60,921.0
99/04/15,1608.0,103833.0,65.0,65.6,63.5,65.5,1.00,782.0
99/04/16,1376.0,89606.0,66.0,66.0,64.1,65.0,-0.50,541.0
99/04/19,1117.0,72807.0,64.6,66.0,64.6,65.7,0.70,638.0
99/04/20,2301.0,154650.0,66.0,68.4,66.0,66.8,1.10,1002.0
99/04/21,1795.0,119713.0,67.5,68.2,65.0,66.7,-0.10,867.0
99/04/22,1047.0,69544.0,66.4,67.1,66.0,66.7,0.00,513.0
99/04/23,3719.0,259190.0,67.0,71.3,67.0,71.3,4.60,1500.0
99/04/26,6674.0,480758.0,74.3,76.2,66.4,70.9,-0.40,2946.0
99/04/27,3810.0,256559.0,67.7,69.0,66.5,66.5,-4.40,1764.0
99/04/28,1795.0,117993.0,63.0,67.5,63.0,66.3,-0.20,994.0
99/04/29,2177.0,146454.0,66.7,69.0,66.6,66.7,0.40,1118.0
99/04/30,2749.0,175566.0,67.0,67.4,62.1,62.9,-3.80,1303.0
99/05/03,1604.0,95460.0,62.0,62.9,58.5,58.5,-4.40,791.0
99/05/04,2172.0,119913.0,57.3,58.0,54.5,55.1,-3.40,1321.0
99/05/05,1583.0,82626.0,52.3,54.0,51.3,54.0,-1.10,983.0
99/05/06,783.0,41305.0,53.8,53.8,52.1,52.1,-1.90,530.0
99/05/07,1633.0,80904.0,50.1,52.9,48.5,51.0,-1.10,943.0
99/05/10,1349.0,71966.0,51.3,54.5,50.5,54.5,3.50,897.0
99/05/11,1570.0,87459.0,55.5,56.5,55.1,55.1,0.60,958.0
99/05/12,998.0,55359.0,55.5,56.6,54.0,55.0,-0.10,669.0
99/05/13,835.0,46524.0,55.7,56.5,55.0,55.7,0.70,538.0
99/05/14,734.0,40374.0,55.7,56.0,54.3,56.0,0.30,455.0
99/05/17,577.0,31791.0,55.8,55.8,54.5,54.5,-1.50,353.0
99/05/18,1113.0,58251.0,54.9,55.0,50.7,51.1,-3.40,648.0
99/05/19,2726.0,136209.0,50.4,51.1,48.0,50.0,-1.10,1178.0
99/05/20,2169.0,103006.0,49.9,50.0,46.5,46.5,-3.50,1171.0
99/05/21,383.0,16576.0,43.25,44.0,43.25,43.25,-3.25,226.0
99/05/24,1287.0,54475.0,43.25,43.3,41.25,42.6,-0.65,697.0
99/05/25,1094.0,44345.0,41.4,42.0,39.65,39.65,-2.95,569.0
99/05/26,1056.0,43785.0,40.5,42.3,40.05,41.4,1.75,595.0
99/05/27,1105.0,46418.0,40.9,43.5,40.4,43.0,1.60,638.0
99/05/28,1103.0,48075.0,43.35,44.5,42.6,42.6,-0.40,667.0
99/05/31,724.0,30588.0,42.6,43.0,41.65,41.85,-0.75,354.0
99/06/01,1279.0,56229.0,41.9,44.75,41.85,44.75,2.90,749.0
99/06/02,1730.0,78560.0,45.5,46.4,44.0,44.0,-0.75,1050.0
99/06/03,669.0,29624.0,45.0,45.0,43.75,44.05,0.05,463.0
99/06/04,439.0,19545.0,44.5,45.0,44.2,44.25,0.20,277.0
99/06/07,625.0,26170.0,41.8,42.4,41.5,41.7,-2.55,362.0
99/06/08,442.0,18797.0,41.7,43.6,41.7,42.45,0.75,292.0
99/06/09,1121.0,45986.0,42.9,42.95,39.8,40.1,-2.35,600.0
99/06/10,524.0,20948.0,41.0,41.0,39.2,40.3,0.20,290.0
99/06/11,520.0,21450.0,41.0,41.9,40.9,41.2,0.90,308.0
99/06/14,393.0,16183.0,41.2,41.9,40.7,41.2,0.00,226.0
99/06/15,1147.0,49694.0,41.5,44.05,41.3,44.05,2.85,602.0
99/06/17,1897.0,87286.0,46.9,46.9,45.5,45.5,1.45,1052.0
99/06/18,776.0,34657.0,45.6,45.9,44.0,44.3,-1.20,496.0
99/06/21,651.0,29404.0,44.8,45.85,44.3,45.3,1.00,398.0
99/06/22,454.0,20390.0,45.3,45.3,44.55,45.1,-0.20,299.0
99/06/23,455.0,20284.0,44.9,45.0,44.05,44.5,-0.60,280.0
99/06/24,1251.0,58025.0,44.6,47.35,44.6,46.65,2.15,804.0
99/06/25,629.0,28901.0,45.9,46.5,45.5,45.6,-1.05,373.0
99/06/28,425.0,19209.0,45.85,46.0,44.75,44.8,-0.80,285.0
99/06/29,390.0,17261.0,44.9,45.2,43.6,44.0,-0.80,267.0
99/06/30,319.0,13511.0,42.0,43.0,41.8,42.8,-1.20,224.0
99/07/01,253.0,10692.0,42.0,42.75,42.0,42.2,-0.60,168.0
99/07/02,270.0,11496.0,42.75,43.2,42.1,42.2,0.00,194.0
99/07/05,539.0,22586.0,41.95,42.6,41.5,42.0,-0.20,286.0
99/07/06,531.0,23124.0,42.0,44.5,42.0,43.7,1.70,362.0
99/07/07,298.0,12896.0,43.7,43.7,43.0,43.05,-0.65,206.0
99/07/08,367.0,16072.0,44.0,44.2,43.2,43.95,0.90,229.0
99/07/09,612.0,27476.0,44.45,45.9,43.9,45.0,1.05,408.0
99/07/12,511.0,22558.0,45.45,45.45,43.6,43.75,-1.25,308.0
99/07/13,267.0,11749.0,43.75,44.6,43.5,43.5,-0.25,170.0
99/07/14,367.0,16013.0,43.8,44.45,43.1,43.6,0.10,214.0
99/07/15,293.0,12769.0,43.9,44.1,43.3,43.55,-0.05,172.0
99/07/16,314.0,13583.0,43.7,43.9,42.95,42.95,-0.60,196.0
99/07/19,205.0,8692.0,42.0,42.6,42.0,42.35,-0.60,144.0
99/07/20,278.0,11800.0,42.5,42.85,42.1,42.5,0.15,172.0
99/07/21,849.0,37794.0,43.0,45.2,43.0,44.4,1.90,545.0
99/07/22,324.0,14209.0,44.0,44.5,43.5,43.9,-0.50,213.0
99/07/23,345.0,15258.0,44.5,44.5,44.05,44.1,0.20,231.0
99/07/26,557.0,24133.0,44.3,44.4,42.6,43.3,-0.80,322.0
99/07/27,376.0,16344.0,43.7,44.1,43.0,43.8,0.50,240.0
99/07/28,2092.0,96124.0,43.5,46.85,43.5,46.85,3.05,956.0
99/07/29,2279.0,110974.0,47.4,50.1,47.4,50.1,3.25,1187.0
99/07/30,3437.0,178530.0,51.5,53.6,50.3,50.8,0.70,1902.0
99/08/02,1988.0,101658.0,52.1,52.5,49.5,49.5,-1.30,1141.0
99/08/03,1165.0,58873.0,49.7,51.4,49.7,50.2,0.70,747.0
99/08/04,906.0,45879.0,50.2,51.5,50.0,50.5,0.30,513.0
99/08/05,1882.0,97503.0,51.3,53.0,50.6,51.2,0.70,1130.0
99/08/06,1048.0,53982.0,52.0,52.5,50.8,51.0,-0.20,620.0
99/08/09,697.0,35234.0,51.0,51.1,50.2,50.2,-0.80,400.0
99/08/10,1049.0,51523.0,50.4,51.5,48.0,48.1,-2.10,650.0
99/08/11,507.0,24339.0,48.0,48.8,47.5,48.2,0.10,330.0
99/08/12,466.0,22079.0,47.8,48.0,47.0,47.3,-0.90,288.0
99/08/13,544.0,26573.0,47.5,49.9,47.5,49.1,1.80,408.0
99/08/16,444.0,21753.0,49.9,49.9,48.55,48.8,-0.30,244.0
99/08/17,453.0,22292.0,48.8,49.8,48.5,49.4,0.60,286.0
99/08/18,439.0,21808.0,49.8,50.4,49.1,49.2,-0.20,275.0
99/08/19,386.0,18901.0,49.0,49.5,48.55,48.75,-0.45,240.0
99/08/20,258.0,12665.0,48.6,49.7,48.6,49.3,0.55,162.0
99/08/23,1386.0,70593.0,49.8,52.0,49.3,51.2,1.90,835.0
99/08/24,1499.0,77395.0,51.2,52.7,50.5,50.6,-0.60,864.0
99/08/25,881.0,43167.0,49.8,50.1,48.4,48.4,-2.20,506.0
99/08/26,636.0,30116.0,48.0,49.0,46.2,47.2,-1.20,380.0
99/08/27,320.0,15245.0,47.2,48.3,47.0,48.05,0.85,224.0
99/08/30,379.0,18278.0,48.5,48.8,47.5,47.55,-0.50,219.0
99/08/31,652.0,29720.0,47.1,47.2,44.6,45.0,-2.55,340.0
99/09/01,190.0,8666.0,45.0,46.0,45.0,45.5,0.50,128.0
99/09/02,305.0,14015.0,45.7,46.75,45.7,45.7,0.20,196.0
99/09/03,378.0,17620.0,45.7,47.5,45.7,47.0,1.30,240.0
99/09/06,698.0,33950.0,47.5,49.85,47.5,49.8,2.80,367.0
99/09/07,1060.0,53162.0,50.0,51.3,49.0,49.1,-0.70,570.0
99/09/08,568.0,27319.0,48.8,49.0,47.5,47.6,-1.50,342.0
99/09/09,459.0,22056.0,48.3,48.5,47.6,48.2,0.60,270.0
99/09/10,1029.0,49291.0,48.3,49.0,47.5,47.6,-0.60,604.0
99/09/13,789.0,30442.0,38.85,38.85,38.25,38.55,-0.30,497.0
99/09/14,414.0,16175.0,38.55,39.4,38.55,38.85,0.30,269.0
99/09/15,355.0,13843.0,39.2,39.4,38.85,39.2,0.35,192.0
99/09/16,173.0,6708.0,39.3,39.5,38.6,38.95,-0.25,123.0
99/09/17,205.0,7991.0,39.0,39.2,38.85,39.0,0.05,136.0
99/09/20,157.0,6074.0,38.8,39.0,38.25,38.55,-0.45,89.0
99/09/21,242.0,9320.0,38.7,38.75,38.45,38.55,0.00,157.0
99/09/23,156.0,5999.0,38.6,38.75,38.3,38.45,-0.10,118.0
99/09/24,437.0,16942.0,38.5,39.4,37.9,39.1,0.65,280.0
99/09/27,221.0,8603.0,39.4,39.5,38.5,38.5,-0.60,137.0
99/09/28,242.0,9223.0,38.0,38.55,38.0,38.2,-0.30,149.0
99/09/29,282.0,10723.0,38.3,38.5,38.0,38.0,-0.20,150.0
99/09/30,190.0,7234.0,38.0,38.35,38.0,38.25,0.25,107.0
99/10/01,165.0,6336.0,38.0,38.6,38.0,38.25,0.00,100.0
99/10/04,453.0,17024.0,38.25,38.3,36.9,36.9,-1.35,210.0
99/10/05,415.0,14806.0,36.7,36.7,34.5,36.5,-0.40,249.0
99/10/06,233.0,8481.0,36.9,36.9,36.1,36.4,-0.10,122.0
99/10/07,110.0,3912.0,36.5,36.5,35.4,35.55,-0.85,85.0
99/10/08,64.0,2285.0,35.55,35.95,35.55,35.6,0.05,49.0
99/10/11,89.0,3160.0,35.6,35.9,34.9,35.6,0.00,67.0
99/10/12,156.0,5475.0,35.6,35.6,34.75,34.8,-0.80,109.0
99/10/13,143.0,4958.0,34.5,34.9,34.5,34.85,0.05,98.0
99/10/14,190.0,6557.0,35.0,35.0,34.2,34.2,-0.65,127.0
99/10/15,328.0,10915.0,34.2,34.2,32.8,33.0,-1.20,175.0
99/10/18,293.0,9246.0,32.3,32.3,31.0,31.0,-2.00,161.0
99/10/19,117.0,3669.0,31.2,31.95,31.0,31.45,0.45,79.0
99/10/20,141.0,4402.0,31.45,31.45,30.85,31.45,0.00,93.0
99/10/21,286.0,9315.0,31.8,33.2,31.5,32.65,1.20,206.0
99/10/22,164.0,5270.0,32.2,32.7,31.7,32.0,-0.65,113.0
99/10/25,90.0,2869.0,32.0,32.0,31.65,32.0,0.00,53.0
99/10/26,98.0,3140.0,32.25,32.35,31.8,31.85,-0.15,66.0
99/10/27,91.0,2880.0,31.85,31.9,31.5,31.7,-0.15,61.0
99/10/28,171.0,5355.0,31.5,31.6,31.0,31.3,-0.40,170.0
99/10/29,174.0,5499.0,31.3,32.1,31.3,31.6,0.30,161.0
99/11/01,271.0,8206.0,31.6,31.6,29.4,29.4,-2.20,218.0
99/11/02,384.0,11075.0,29.4,29.95,28.0,28.45,-0.95,275.0
99/11/03,492.0,13391.0,28.1,28.6,26.75,26.9,-1.55,295.0
99/11/04,268.0,7155.0,26.9,27.2,26.3,26.6,-0.30,191.0
99/11/05,175.0,4696.0,26.8,27.0,26.6,26.9,0.30,146.0
99/11/08,208.0,5504.0,27.0,27.1,26.0,26.2,-0.70,138.0
99/11/09,107.0,2820.0,26.2,26.6,26.1,26.35,0.15,96.0
99/11/10,98.0,2575.0,26.35,26.45,26.15,26.35,0.00,74.0
99/11/11,380.0,10537.0,26.35,28.15,26.35,28.15,1.80,220.0
99/11/12,979.0,28778.0,29.0,29.9,28.8,29.9,1.75,631.0
99/11/15,311.0,9071.0,30.0,30.0,28.5,28.7,-1.20,197.0
99/11/16,89.0,2567.0,28.55,29.25,28.55,28.65,-0.05,74.0
99/11/17,144.0,4085.0,28.5,28.6,28.2,28.5,-0.15,94.0
99/11/18,93.0,2656.0,28.55,28.85,28.5,28.5,0.00,57.0
99/11/19,140.0,3977.0,28.6,28.75,28.2,28.5,0.00,81.0
99/11/22,99.0,2797.0,28.55,28.65,28.0,28.4,-0.10,69.0
99/11/23,95.0,2657.0,28.3,28.4,28.0,28.15,-0.25,70.0
99/11/24,145.0,4015.0,28.15,28.15,27.2,27.2,-0.95,80.0
99/11/25,87.0,2384.0,27.3,27.75,27.2,27.4,0.20,69.0
99/11/26,93.0,2553.0,27.4,27.75,27.25,27.6,0.20,72.0
99/11/29,70.0,1953.0,27.7,28.35,27.65,28.0,0.40,54.0
99/11/30,408.0,12089.0,28.2,29.95,28.2,29.95,1.95,206.0
99/12/01,2200.0,69586.0,31.6,32.0,31.05,31.2,1.25,943.0
99/12/02,833.0,25131.0,31.0,31.0,29.65,30.1,-1.10,477.0
99/12/03,415.0,12583.0,29.9,30.8,29.75,30.3,0.20,301.0
99/12/06,349.0,10482.0,30.7,30.7,29.75,29.75,-0.55,199.0
99/12/07,330.0,9872.0,29.75,30.25,29.75,29.75,0.00,202.0
99/12/08,563.0,17151.0,29.9,30.9,29.85,30.65,0.90,342.0
99/12/09,316.0,9638.0,30.65,30.9,30.3,30.3,-0.35,188.0
99/12/10,513.0,15838.0,30.45,31.3,30.3,31.0,0.70,361.0
99/12/13,1661.0,53912.0,31.3,33.15,31.05,32.0,1.00,743.0
99/12/14,601.0,18944.0,32.0,32.4,30.8,31.1,-0.90,323.0
99/12/15,226.0,6933.0,30.7,31.1,30.4,30.5,-0.60,143.0
99/12/16,165.0,5011.0,30.5,30.85,30.05,30.15,-0.35,113.0
99/12/17,126.0,3826.0,30.25,30.45,30.1,30.2,0.05,94.0
99/12/20,115.0,3413.0,30.15,30.15,29.2,29.35,-0.85,85.0
99/12/21,130.0,3869.0,29.8,29.8,29.45,29.65,0.30,84.0
99/12/22,138.0,4123.0,29.8,30.2,29.8,29.95,0.30,92.0
99/12/23,1854.0,58850.0,30.35,32.0,30.3,31.2,1.25,857.0
99/12/24,509.0,15724.0,31.05,31.2,30.5,30.55,-0.65,266.0
99/12/27,582.0,18295.0,30.3,32.25,30.3,31.5,0.95,340.0
99/12/28,275.0,8408.0,31.05,31.65,30.0,30.5,-1.00,178.0
99/12/29,299.0,9000.0,30.5,30.75,29.75,29.75,-0.75,183.0
99/12/30,157.0,4641.0,29.75,30.0,29.35,29.5,-0.25,116.0
99/12/31,195.0,5809.0,29.7,30.1,29.5,29.55,0.05,126.0
100/01/03,175.0,5170.0,29.6,29.8,29.5,29.55,0.00,88.0
100/01/04,266.0,7760.0,29.6,29.6,28.9,28.9,-0.65,175.0
100/01/05,370.0,10497.0,28.9,29.15,28.05,28.1,-0.80,202.0
100/01/06,415.0,12244.0,28.35,30.0,28.25,29.3,1.20,258.0
100/01/07,317.0,9330.0,29.6,29.8,29.1,29.3,0.00,150.0
100/01/10,74.0,2137.0,29.3,29.35,28.6,28.95,-0.35,59.0
100/01/11,73.0,2115.0,28.95,29.25,28.9,29.15,0.20,48.0
100/01/12,459.0,13707.0,29.3,30.3,28.95,29.6,0.45,271.0
100/01/13,96.0,2840.0,29.9,29.9,29.3,29.6,0.00,65.0
100/01/14,40.0,1185.0,29.6,29.6,29.3,29.35,-0.25,37.0
100/01/17,111.0,3223.0,29.3,29.5,28.85,28.9,-0.45,70.0
100/01/18,74.0,2146.0,28.7,29.1,28.7,28.95,0.05,63.0
100/01/19,121.0,3525.0,28.75,29.5,28.75,29.05,0.10,80.0
100/01/20,125.0,3656.0,29.1,29.65,29.05,29.15,0.10,75.0
100/01/21,128.0,3734.0,29.15,29.45,28.9,28.9,-0.25,70.0
100/01/24,94.0,2710.0,28.9,28.9,28.6,28.6,-0.30,68.0
100/01/25,79.0,2246.0,28.6,29.0,28.0,28.35,-0.25,58.0
100/01/26,105.0,2983.0,28.3,28.55,28.1,28.3,-0.05,80.0
100/01/27,111.0,3161.0,28.4,28.55,28.3,28.3,0.00,60.0
100/01/28,157.0,4448.0,28.4,28.8,28.1,28.1,-0.20,96.0
100/02/08,46.0,1300.0,28.5,28.5,28.05,28.05,-0.05,41.0
100/02/09,196.0,5406.0,28.1,28.1,27.25,27.3,-0.75,110.0
100/02/10,69.0,1877.0,27.55,27.55,27.1,27.5,0.20,46.0
100/02/11,267.0,7194.0,27.5,27.6,26.0,26.0,-1.50,106.0
100/02/14,170.0,4543.0,26.3,27.5,26.2,26.8,0.80,110.0
100/02/15,108.0,2911.0,26.8,27.15,26.65,26.9,0.10,64.0
100/02/16,101.0,2732.0,27.0,27.4,27.0,27.1,0.20,53.0
100/02/17,100.0,2704.0,27.1,27.2,26.8,26.9,-0.20,66.0
100/02/18,111.0,3018.0,27.0,27.4,26.85,26.9,0.00,72.0
100/02/21,82.0,2220.0,27.05,27.05,26.85,26.95,0.05,49.0
100/02/22,146.0,3863.0,26.95,26.95,26.1,26.2,-0.75,106.0
100/02/23,252.0,6392.0,25.8,26.2,25.1,25.1,-1.10,144.0
100/02/24,326.0,8638.0,25.2,26.85,25.2,26.85,1.75,135.0
100/02/25,591.0,16947.0,28.7,28.7,28.7,28.7,1.85,294.0
100/03/01,1762.0,52945.0,30.7,30.7,29.2,29.2,0.50,942.0
100/03/02,1740.0,53252.0,28.8,31.2,28.35,31.2,2.00,833.0
100/03/03,2938.0,95278.0,32.75,33.3,31.25,32.25,1.05,1549.0
100/03/04,1380.0,44772.0,32.5,33.2,31.5,32.25,0.00,789.0
100/03/07,1648.0,54476.0,32.25,34.15,31.65,32.8,0.55,1015.0
100/03/08,823.0,27198.0,32.8,33.7,32.5,32.55,-0.25,534.0
100/03/09,705.0,22653.0,32.7,33.3,31.25,31.5,-1.05,438.0
100/03/10,590.0,18266.0,31.5,32.0,30.0,30.1,-1.40,364.0
100/03/11,477.0,14314.0,30.0,30.65,29.4,30.3,0.20,309.0
100/03/14,441.0,12908.0,30.0,30.1,28.5,28.8,-1.50,267.0
100/03/15,613.0,16846.0,28.5,28.6,26.8,26.8,-2.00,375.0
100/03/16,248.0,6685.0,27.1,27.2,26.8,27.1,0.30,161.0
100/03/17,278.0,7352.0,26.8,26.8,26.25,26.25,-0.85,177.0
100/03/18,249.0,6777.0,26.4,27.35,26.4,27.3,1.05,155.0
100/03/21,303.0,8549.0,27.5,28.65,27.3,28.05,0.75,203.0
100/03/22,249.0,6970.0,28.05,28.4,27.8,27.9,-0.15,156.0
100/03/23,144.0,4027.0,27.9,28.45,27.65,28.05,0.15,103.0
100/03/24,385.0,11092.0,28.15,29.4,28.15,28.55,0.50,272.0
100/03/25,214.0,6051.0,29.0,29.0,28.0,28.1,-0.45,137.0
100/03/28,129.0,3564.0,27.8,27.85,27.4,27.4,-0.70,88.0
100/03/29,243.0,6622.0,27.4,27.7,27.1,27.3,-0.10,129.0
100/03/30,140.0,3822.0,27.35,27.45,27.15,27.3,0.00,75.0
100/03/31,142.0,3902.0,27.3,27.8,27.3,27.65,0.35,102.0
100/04/01,167.0,4596.0,27.65,27.9,27.3,27.45,-0.20,86.0
100/04/06,138.0,3772.0,27.7,27.7,27.2,27.2,-0.25,87.0
100/04/07,141.0,3866.0,27.25,27.8,27.25,27.7,0.50,86.0
100/04/08,142.0,3937.0,27.7,28.1,27.7,27.7,0.00,83.0
100/04/11,100.0,2777.0,27.8,28.0,27.5,27.7,0.00,59.0
100/04/12,106.0,2912.0,27.95,27.95,27.15,27.25,-0.45,68.0
100/04/13,83.0,2264.0,27.2,27.5,27.0,27.35,0.10,47.0
100/04/14,129.0,3532.0,27.35,27.55,27.2,27.25,-0.10,81.0
100/04/15,77.0,2081.0,27.25,27.3,27.1,27.1,-0.15,62.0
100/04/18,116.0,3127.0,27.2,27.2,27.0,27.0,-0.10,65.0
100/04/19,91.0,2408.0,27.0,27.0,26.3,26.5,-0.50,63.0
100/04/20,47.0,1244.0,26.4,26.85,26.4,26.65,0.15,42.0
100/04/21,140.0,3775.0,26.65,27.4,26.65,27.25,0.60,90.0
100/04/22,99.0,2667.0,27.2,27.2,26.85,26.85,-0.40,62.0
100/04/25,67.0,1810.0,26.9,27.1,26.75,26.75,-0.10,42.0
100/04/26,84.0,2235.0,26.4,26.8,26.3,26.6,-0.15,58.0
100/04/27,121.0,3256.0,26.95,27.15,26.6,26.85,0.25,68.0
100/04/28,104.0,2744.0,26.65,26.7,26.3,26.3,-0.55,64.0
100/04/29,159.0,4121.0,26.0,26.3,25.45,25.7,-0.60,102.0
100/05/03,202.0,4979.0,25.8,25.8,24.0,24.1,-1.60,129.0
100/05/04,125.0,3035.0,24.1,24.6,23.8,24.5,0.40,93.0
100/05/05,106.0,2588.0,24.5,24.65,24.2,24.4,-0.10,69.0
100/05/06,287.0,7048.0,24.5,25.2,24.15,25.2,0.80,171.0
100/05/09,551.0,14660.0,25.15,26.95,25.15,26.95,1.75,286.0
100/05/10,636.0,17433.0,27.5,27.9,26.55,26.55,-0.40,331.0
100/05/11,193.0,5142.0,27.0,27.2,26.25,26.3,-0.25,128.0
100/05/12,138.0,3620.0,26.2,26.75,26.2,26.2,-0.10,96.0
100/05/13,138.0,3672.0,26.2,26.7,26.2,26.7,0.50,91.0
100/05/16,123.0,3227.0,26.9,26.9,26.0,26.0,-0.70,89.0
100/05/17,166.0,4219.0,25.65,25.95,25.2,25.2,-0.80,104.0
100/05/18,200.0,5120.0,25.2,25.9,25.2,25.8,0.60,90.0
100/05/19,86.0,2189.0,25.8,25.8,25.3,25.3,-0.50,63.0
100/05/20,51.0,1285.0,25.3,25.5,25.2,25.3,0.00,43.0
100/05/23,152.0,3759.0,25.2,25.5,24.05,24.1,-1.20,99.0
100/05/24,124.0,3052.0,24.15,24.75,24.15,24.75,0.65,75.0
100/05/25,83.0,2044.0,24.75,24.9,24.5,24.65,-0.10,62.0
100/05/26,76.0,1885.0,24.9,25.2,24.6,25.0,0.35,57.0
100/05/27,161.0,4127.0,25.0,26.3,25.0,25.55,0.55,116.0
100/05/30,217.0,5621.0,25.95,26.1,25.65,26.1,0.55,118.0
100/05/31,388.0,10202.0,26.3,26.8,25.85,26.1,0.00,211.0
100/06/01,965.0,26285.0,26.3,27.8,26.3,27.1,1.00,433.0
100/06/02,1163.0,32167.0,26.7,28.15,26.6,28.1,1.00,544.0
100/06/03,1584.0,45022.0,28.35,29.0,27.85,27.85,-0.25,733.0
100/06/07,592.0,16537.0,27.8,28.25,27.7,27.75,-0.10,277.0
100/06/08,1050.0,28706.0,27.65,28.1,26.5,28.1,0.35,473.0
100/06/09,1487.0,42674.0,28.35,29.4,28.05,28.55,0.45,592.0
100/06/10,668.0,18999.0,28.55,29.4,27.0,27.1,-1.45,271.0
100/06/13,1069.0,30191.0,27.6,28.9,27.4,28.3,1.20,523.0
100/06/14,2252.0,65778.0,28.9,29.7,28.6,28.8,0.50,893.0
100/06/15,1285.0,36714.0,29.4,29.4,27.65,27.65,-1.15,498.0
100/06/16,685.0,18696.0,27.4,28.1,26.25,26.3,-1.35,279.0
100/06/17,284.0,7528.0,26.4,26.9,26.1,26.1,-0.20,177.0
100/06/20,730.0,19273.0,26.2,27.3,25.8,25.8,-0.30,331.0
100/06/21,329.0,8580.0,26.2,26.45,25.6,26.1,0.30,198.0
100/06/22,387.0,10191.0,26.45,26.65,26.0,26.2,0.10,217.0
100/06/23,270.0,6903.0,26.15,26.35,25.0,25.0,-1.20,120.0
100/06/24,237.0,6077.0,25.5,26.25,25.1,25.85,0.85,156.0
100/06/27,119.0,3093.0,25.85,26.6,25.55,26.3,0.45,73.0
100/06/28,88.0,2303.0,26.5,26.7,25.95,26.0,-0.30,56.0
100/06/29,148.0,3907.0,26.15,26.75,26.15,26.3,0.30,113.0
100/06/30,121.0,3228.0,26.6,27.0,26.25,26.25,-0.05,90.0
100/07/01,192.0,4982.0,26.35,26.55,25.75,26.3,0.05,137.0
100/07/04,100.0,2620.0,26.3,26.5,26.0,26.05,-0.25,61.0
100/07/05,117.0,3010.0,26.05,26.05,25.65,25.75,-0.30,88.0
100/07/06,233.0,6032.0,25.75,26.2,25.7,26.0,0.25,122.0
100/07/07,168.0,4238.0,25.4,25.4,25.15,25.3,0.30,108.0
100/07/08,69.0,1741.0,25.45,25.45,25.05,25.1,-0.20,45.0
100/07/11,151.0,3714.0,25.0,25.1,24.2,24.5,-0.60,84.0
100/07/12,130.0,3132.0,24.3,24.35,23.8,23.95,-0.55,67.0
100/07/13,218.0,5216.0,23.75,24.25,23.7,24.0,0.05,100.0
100/07/14,59.0,1417.0,24.2,24.5,23.7,24.5,0.50,42.0
100/07/15,64.0,1566.0,24.3,24.45,24.25,24.3,-0.20,43.0
100/07/18,70.0,1683.0,24.2,24.2,23.6,24.0,-0.30,52.0
100/07/19,59.0,1388.0,23.35,24.0,23.35,23.9,-0.10,36.0
100/07/20,86.0,2087.0,24.0,24.45,23.85,24.0,0.10,49.0
100/07/21,39.0,935.0,24.45,24.45,23.65,23.9,-0.10,36.0
100/07/22,97.0,2316.0,23.7,24.25,23.7,24.15,0.25,66.0
100/07/25,33.0,790.0,24.15,24.15,23.7,23.9,-0.25,23.0
100/07/26,108.0,2599.0,23.85,24.35,23.85,24.2,0.30,64.0
100/07/27,104.0,2560.0,24.2,25.35,24.2,24.55,0.35,61.0
100/07/28,35.0,856.0,24.3,24.55,24.2,24.2,-0.35,24.0
100/07/29,68.0,1615.0,24.25,24.25,23.8,23.85,-0.35,48.0
100/08/01,62.0,1457.0,23.75,24.05,23.5,23.8,-0.05,49.0
100/08/02,161.0,3774.0,23.7,24.0,23.25,23.25,-0.55,76.0
100/08/03,112.0,2554.0,23.0,23.0,22.4,22.65,-0.60,80.0
100/08/04,144.0,3215.0,22.6,22.8,22.0,22.55,-0.10,77.0
100/08/05,195.0,4105.0,21.0,21.85,21.0,21.0,-1.55,98.0
100/08/08,262.0,5156.0,20.0,20.1,19.55,19.55,-1.45,93.0
100/08/09,393.0,7164.0,18.2,18.4,18.2,18.2,-1.35,150.0
100/08/10,138.0,2625.0,19.0,19.2,18.7,18.95,0.75,79.0
100/08/11,164.0,2946.0,17.65,18.5,17.65,18.5,-0.45,82.0
100/08/12,133.0,2515.0,18.55,19.05,18.55,18.65,0.15,78.0
100/08/15,98.0,1835.0,18.95,19.0,18.7,18.7,0.05,49.0
100/08/16,77.0,1452.0,18.8,19.0,18.75,18.75,0.05,51.0
100/08/17,192.0,3680.0,18.8,19.9,18.75,19.35,0.60,114.0
100/08/18,129.0,2414.0,19.35,19.35,18.5,18.7,-0.65,56.0
100/08/19,230.0,4034.0,18.0,18.0,17.4,17.4,-1.30,129.0
100/08/22,162.0,2695.0,17.3,17.65,16.2,16.55,-0.85,86.0
100/08/23,125.0,2078.0,16.5,17.0,16.25,16.8,0.25,62.0
100/08/24,100.0,1701.0,17.3,17.3,16.8,17.0,0.20,50.0
100/08/25,63.0,1081.0,17.15,17.45,17.0,17.0,0.00,45.0
100/08/26,61.0,1014.0,17.1,17.1,16.4,16.55,-0.45,38.0
100/08/29,90.0,1523.0,16.6,17.3,16.6,17.15,0.60,46.0
100/08/30,54.0,940.0,17.15,17.6,17.15,17.4,0.25,35.0
100/08/31,103.0,1808.0,17.45,18.2,17.15,17.8,0.40,71.0
100/09/01,98.0,1741.0,18.15,18.3,17.2,17.6,-0.20,66.0
100/09/02,106.0,1829.0,17.45,17.45,17.15,17.3,-0.30,46.0
100/09/05,60.0,1002.0,17.0,17.0,16.45,16.9,-0.40,37.0
100/09/06,43.0,712.0,16.85,16.85,16.2,16.25,-0.65,31.0
100/09/07,20.0,329.0,16.5,16.6,16.4,16.6,0.35,17.0
100/09/08,15.0,249.0,16.7,16.7,16.6,16.6,0.00,12.0
100/09/09,27.0,460.0,16.6,16.9,16.6,16.8,0.20,18.0
100/09/13,60.0,977.0,16.35,16.7,16.2,16.7,-0.10,40.0
100/09/14,105.0,1709.0,16.55,16.55,15.8,16.2,-0.50,47.0
100/09/15,103.0,1659.0,16.5,16.5,16.05,16.15,-0.05,51.0
100/09/16,113.0,1865.0,16.4,16.95,16.3,16.45,0.30,80.0
100/09/19,29.0,476.0,16.55,16.55,16.3,16.35,-0.10,20.0
100/09/20,26.0,432.0,16.35,16.5,16.3,16.5,0.15,18.0
100/09/21,141.0,2412.0,16.7,17.65,16.55,17.1,0.60,99.0
100/09/22,57.0,947.0,16.8,16.8,16.4,16.65,-0.45,40.0
100/09/23,135.0,2225.0,16.3,17.4,15.9,16.25,-0.40,93.0
100/09/26,192.0,2946.0,16.1,16.1,15.15,15.15,-1.10,97.0
100/09/27,155.0,2321.0,15.5,15.55,14.25,15.3,0.15,100.0
100/09/28,59.0,874.0,15.3,15.3,14.75,14.85,-0.45,42.0
100/09/29,72.0,1068.0,14.85,15.0,14.8,14.95,0.10,44.0
100/09/30,48.0,719.0,14.95,14.95,14.8,14.85,-0.10,27.0
100/10/03,51.0,741.0,14.7,14.7,14.3,14.6,-0.25,32.0
100/10/04,39.0,565.0,14.45,14.6,14.4,14.6,0.00,27.0
100/10/05,17.0,251.0,14.6,14.6,14.3,14.5,-0.10,17.0
100/10/06,38.0,558.0,14.6,15.2,14.6,14.75,0.25,33.0
100/10/07,40.0,586.0,14.9,14.9,14.55,14.7,-0.05,29.0
100/10/11,44.0,661.0,14.95,15.4,14.85,15.05,0.35,42.0
100/10/12,98.0,1475.0,15.1,15.35,14.95,15.15,0.10,56.0
100/10/13,78.0,1198.0,15.2,15.55,15.15,15.25,0.10,52.0
100/10/14,40.0,615.0,15.25,15.35,15.25,15.3,0.05,19.0
100/10/17,57.0,886.0,15.4,15.65,15.4,15.4,0.10,43.0
100/10/18,25.0,380.0,15.4,15.4,15.15,15.15,-0.25,25.0
100/10/19,25.0,382.0,15.4,15.45,15.2,15.2,0.05,20.0
100/10/20,25.0,377.0,15.4,15.4,15.05,15.1,-0.10,19.0
100/10/21,16.0,243.0,15.1,15.3,15.1,15.3,0.20,13.0
100/10/24,60.0,933.0,15.45,15.6,15.35,15.4,0.10,31.0
100/10/25,136.0,2133.0,15.45,16.05,15.45,15.65,0.25,86.0
100/10/26,33.0,518.0,15.4,15.65,15.4,15.6,-0.05,29.0
100/10/27,39.0,609.0,15.6,15.6,15.4,15.4,-0.20,32.0
100/10/28,165.0,2591.0,15.5,15.9,15.5,15.6,0.20,87.0
100/10/31,50.0,780.0,15.65,15.65,15.15,15.15,-0.45,28.0
100/11/01,98.0,1584.0,16.2,16.2,16.2,16.2,1.05,56.0
100/11/02,189.0,3263.0,17.3,17.3,17.3,17.3,1.10,83.0
100/11/03,385.0,7130.0,18.5,18.5,18.5,18.5,1.20,188.0
100/11/04,1928.0,38008.0,19.75,19.75,19.45,19.75,1.25,704.0
100/11/07,821.0,17279.0,21.1,21.1,20.5,21.1,1.35,333.0
100/11/08,2154.0,47380.0,22.5,22.55,21.35,21.55,0.45,1155.0
100/11/09,755.0,15977.0,21.5,21.9,20.75,20.9,-0.65,419.0
100/11/10,1265.0,26613.0,20.45,21.9,20.2,21.25,0.35,743.0
100/11/11,924.0,19846.0,21.25,22.4,20.35,21.8,0.55,521.0
100/11/14,493.0,10656.0,22.3,22.4,21.3,21.3,-0.50,305.0
100/11/15,773.0,17278.0,21.6,22.75,21.1,22.75,1.45,406.0
100/11/16,1749.0,40440.0,23.3,23.7,22.5,22.55,-0.20,994.0
100/11/17,606.0,13244.0,22.45,22.45,21.15,21.8,-0.75,383.0
100/11/18,778.0,16922.0,21.1,22.8,20.5,20.5,-1.30,524.0
100/11/21,506.0,9890.0,20.5,20.5,19.1,19.1,-1.40,294.0
100/11/22,621.0,11262.0,18.6,19.0,17.8,17.8,-1.30,360.0
100/11/23,393.0,6698.0,17.3,17.65,16.6,16.65,-1.15,228.0
100/11/24,536.0,9215.0,16.65,17.8,16.0,17.8,1.15,298.0
100/11/25,888.0,16160.0,17.7,18.75,17.7,18.45,0.65,513.0
100/11/28,393.0,7276.0,19.0,19.05,18.0,18.15,-0.30,260.0
100/11/29,339.0,6188.0,18.5,18.6,18.1,18.2,0.05,156.0
100/11/30,228.0,4054.0,18.1,18.1,17.5,17.5,-0.70,138.0
100/12/01,258.0,4699.0,18.05,18.5,18.0,18.05,0.55,145.0
100/12/02,107.0,1896.0,18.3,18.3,17.5,17.6,-0.45,71.0
100/12/05,108.0,1873.0,17.3,17.5,17.15,17.2,-0.40,70.0
100/12/06,275.0,4974.0,17.0,18.4,17.0,18.4,1.20,152.0
100/12/07,666.0,12560.0,18.8,19.35,18.4,18.4,0.00,430.0
100/12/08,244.0,4335.0,18.2,18.35,17.5,17.5,-0.90,152.0
100/12/09,190.0,3400.0,17.1,18.4,17.0,17.8,0.30,135.0
100/12/12,138.0,2427.0,18.0,18.15,17.1,17.4,-0.40,94.0
100/12/13,94.0,1645.0,17.4,17.7,17.2,17.6,0.20,68.0
100/12/14,126.0,2246.0,17.9,18.1,17.45,18.1,0.50,72.0
100/12/15,81.0,1428.0,18.1,18.1,17.45,17.55,-0.55,45.0
100/12/16,81.0,1424.0,17.9,17.9,17.35,17.35,-0.20,51.0
100/12/19,215.0,3539.0,17.2,17.2,16.15,16.15,-1.20,111.0
100/12/20,138.0,2233.0,15.8,16.7,15.7,16.1,-0.05,76.0
100/12/21,142.0,2414.0,16.45,17.1,16.45,17.05,0.95,84.0
100/12/22,91.0,1538.0,16.9,17.0,16.75,16.8,-0.25,56.0
100/12/23,169.0,2984.0,17.0,17.9,17.0,17.65,0.85,117.0
100/12/26,84.0,1477.0,17.8,17.8,17.45,17.45,-0.20,46.0
100/12/27,149.0,2668.0,17.9,18.3,17.5,18.0,0.55,86.0
100/12/28,246.0,4511.0,18.2,18.9,18.0,18.0,0.00,156.0
100/12/29,106.0,1883.0,18.0,18.1,17.6,17.75,-0.25,70.0
100/12/30,42.0,752.0,18.1,18.1,17.65,18.0,0.25,28.0
101/01/02,52.0,917.0,18.1,18.1,17.35,17.35,-0.65,42.0
101/01/03,44.0,774.0,17.65,17.8,17.5,17.5,0.15,28.0
101/01/04,77.0,1351.0,17.7,18.0,17.3,17.3,-0.20,56.0
101/01/05,75.0,1299.0,17.3,17.45,17.25,17.35,0.05,48.0
101/01/06,173.0,3042.0,17.65,18.05,17.4,17.5,0.15,89.0
101/01/09,118.0,2047.0,17.6,17.6,17.0,17.1,-0.40,79.0
101/01/10,158.0,2759.0,17.15,17.95,17.1,17.6,0.50,84.0
101/01/11,178.0,3190.0,17.6,18.2,17.6,17.65,0.05,114.0
101/01/12,88.0,1523.0,17.7,17.7,17.1,17.2,-0.45,62.0
101/01/13,100.0,1701.0,17.2,17.2,16.8,16.8,-0.40,73.0
101/01/16,55.0,942.0,17.1,17.3,17.05,17.1,0.30,30.0
101/01/17,152.0,2652.0,17.5,17.6,17.15,17.45,0.35,90.0
101/01/18,757.0,14059.0,17.6,18.65,17.6,18.6,1.15,348.0
101/01/30,544.0,10103.0,18.7,19.1,18.2,18.5,-0.10,315.0
101/01/31,828.0,15963.0,18.5,19.75,18.5,19.75,1.25,417.0
101/02/01,512.0,10163.0,20.0,20.4,19.35,19.8,0.05,309.0
101/02/02,598.0,12077.0,20.45,20.5,19.8,20.2,0.40,264.0
101/02/03,547.0,11181.0,20.2,21.0,19.9,20.55,0.35,285.0
101/02/04,538.0,11283.0,20.9,21.5,20.6,20.6,0.05,282.0
101/02/06,330.0,6674.0,20.6,20.6,20.0,20.0,-0.60,181.0
101/02/07,180.0,3575.0,20.0,20.35,19.55,19.85,-0.15,105.0
101/02/08,361.0,7331.0,19.95,20.5,19.95,20.4,0.55,179.0
101/02/09,613.0,12771.0,20.5,21.2,20.45,20.6,0.20,285.0
101/02/10,1249.0,27292.0,21.0,22.0,21.0,22.0,1.40,512.0
101/02/13,1063.0,23531.0,22.5,22.8,21.6,21.65,-0.35,469.0
101/02/14,568.0,12480.0,22.0,22.4,21.65,21.8,0.15,289.0
101/02/15,779.0,17716.0,22.2,23.3,21.85,23.3,1.50,364.0
101/02/16,2023.0,49983.0,24.8,24.9,24.0,24.2,0.90,761.0
101/02/17,1865.0,44332.0,24.7,25.45,22.55,22.7,-1.50,846.0
101/02/20,597.0,13528.0,22.8,23.1,22.2,22.7,0.00,307.0
101/02/21,553.0,12622.0,23.3,23.3,22.5,22.95,0.25,302.0
101/02/22,679.0,15722.0,22.95,23.45,22.7,23.25,0.30,312.0
101/02/23,928.0,21890.0,23.25,24.3,22.9,23.5,0.25,349.0
101/02/24,422.0,9824.0,23.85,23.9,23.0,23.1,-0.40,198.0
101/02/29,396.0,9139.0,23.5,23.5,22.55,23.4,0.30,182.0
101/03/01,645.0,15357.0,23.35,24.7,22.9,24.35,0.95,316.0
101/03/02,625.0,15226.0,24.5,24.6,24.1,24.4,0.05,232.0
101/03/03,178.0,4311.0,24.4,24.4,24.1,24.1,-0.30,104.0
101/03/05,338.0,8039.0,23.5,24.25,23.5,23.9,-0.20,124.0
101/03/06,395.0,9224.0,23.9,24.1,22.9,23.5,-0.40,195.0
101/03/07,721.0,17351.0,22.8,24.6,22.7,24.3,0.80,287.0
101/03/08,2995.0,76864.0,24.95,26.0,24.7,25.0,0.70,959.0
101/03/09,899.0,22486.0,25.0,25.4,24.8,24.85,-0.15,348.0
101/03/12,753.0,19067.0,24.9,25.8,24.9,25.35,0.50,369.0
101/03/13,2009.0,53185.0,25.35,27.1,25.2,27.1,1.75,691.0
101/03/14,1415.0,37947.0,27.3,27.3,26.15,26.15,-0.95,656.0
101/03/15,1857.0,50701.0,26.15,27.95,26.15,27.05,0.90,832.0
101/03/16,1535.0,42354.0,28.4,28.4,26.5,26.7,-0.35,685.0
101/03/19,544.0,14399.0,27.0,27.0,26.1,26.15,-0.55,278.0
101/03/20,399.0,10484.0,26.15,26.85,26.0,26.5,0.35,213.0
101/03/21,460.0,12031.0,26.4,26.7,25.8,25.95,-0.55,200.0
101/03/22,405.0,10632.0,25.95,26.55,25.95,26.3,0.35,159.0
101/03/23,500.0,12881.0,26.3,26.3,25.55,25.6,-0.70,152.0
101/03/26,522.0,13597.0,25.9,26.5,25.5,25.8,0.20,209.0
101/03/27,627.0,16424.0,26.1,26.65,25.8,25.8,0.00,288.0
101/03/28,337.0,8643.0,25.8,26.3,25.4,25.5,-0.30,144.0
101/03/29,939.0,22878.0,25.25,25.45,23.75,25.1,-0.40,302.0
101/03/30,676.0,17112.0,24.6,25.75,24.5,25.75,0.65,213.0
101/04/02,63.0,1615.0,25.85,25.85,25.4,25.45,-0.30,47.0
101/04/03,1146.0,29077.0,25.2,25.6,24.7,25.4,-0.05,272.0
101/04/05,418.0,10166.0,24.05,25.3,23.65,25.3,-0.10,129.0
101/04/06,399.0,10455.0,25.25,26.85,25.0,26.25,0.95,200.0
101/04/09,293.0,7540.0,25.7,26.1,25.3,26.0,-0.25,112.0
101/04/10,806.0,21365.0,26.2,26.8,26.1,26.7,0.70,235.0
101/04/11,218.0,5802.0,26.5,26.95,26.1,26.6,-0.10,125.0
101/04/12,434.0,11370.0,26.6,26.6,25.85,26.5,-0.10,122.0
101/04/13,875.0,23715.0,26.5,27.85,26.15,27.35,0.85,384.0
101/04/16,538.0,14864.0,26.95,28.2,26.8,27.2,-0.15,218.0
101/04/17,394.0,10481.0,27.45,27.45,26.2,26.45,-0.75,163.0
101/04/18,215.0,5684.0,26.5,26.8,25.65,26.6,0.15,103.0
101/04/19,71.0,1868.0,26.15,26.45,26.1,26.35,-0.25,45.0
101/04/20,137.0,3559.0,26.0,26.3,25.7,26.1,-0.25,59.0
101/04/23,318.0,7982.0,25.8,26.0,24.35,25.9,-0.20,116.0
101/04/24,236.0,6100.0,25.6,26.4,25.6,26.4,0.50,72.0
101/04/25,102.0,2667.0,26.2,26.2,25.9,26.2,-0.20,46.0
101/04/26,327.0,8726.0,26.3,26.85,26.3,26.4,0.20,109.0
101/04/27,177.0,4601.0,26.5,26.7,25.5,26.2,-0.20,89.0
101/04/30,52.0,1361.0,26.2,26.2,25.8,26.2,0.00,28.0
101/05/02,702.0,18438.0,26.0,26.6,25.4,25.95,-0.25,151.0
101/05/03,124.0,3186.0,26.0,26.0,25.6,25.65,-0.30,46.0
101/05/04,719.0,19238.0,25.65,27.35,25.65,26.95,1.30,224.0
101/05/07,102.0,2685.0,26.5,26.5,26.1,26.5,-0.45,49.0
101/05/08,50.0,1338.0,26.95,26.95,26.35,26.4,-0.10,31.0
101/05/09,99.0,2599.0,26.3,26.55,25.95,26.3,-0.10,40.0
101/05/10,70.0,1823.0,26.05,26.1,25.9,26.0,-0.30,38.0
101/05/11,56.0,1456.0,25.8,26.0,25.65,25.7,-0.30,32.0
101/05/14,48.0,1230.0,25.75,25.75,25.35,25.7,0.00,29.0
101/05/15,141.0,3561.0,25.2,25.7,24.7,25.7,0.00,61.0
101/05/16,82.0,2067.0,25.5,25.5,24.9,25.4,-0.30,31.0
101/05/17,164.0,4252.0,25.6,26.4,25.3,26.0,0.60,59.0
101/05/18,43.0,1095.0,25.1,25.4,25.1,25.25,-0.75,24.0
101/05/21,16.0,410.0,25.25,25.6,25.25,25.3,0.05,11.0
101/05/22,149.0,3761.0,25.35,25.85,23.55,25.8,0.50,65.0
101/05/23,28.0,713.0,25.3,25.4,25.0,25.4,-0.40,17.0
101/05/24,67.0,1702.0,25.4,26.4,25.0,25.65,0.25,36.0
101/05/25,53.0,1337.0,25.6,25.6,25.0,25.4,-0.25,32.0
101/05/28,36.0,937.0,25.4,25.85,25.3,25.85,0.45,28.0
101/05/29,328.0,8687.0,25.85,26.7,25.85,26.65,0.80,100.0
101/05/30,100.0,2594.0,26.65,26.65,25.65,26.0,-0.65,56.0
101/05/31,63.0,1621.0,25.7,26.1,25.35,26.1,0.10,31.0
101/06/01,42.0,1083.0,26.1,26.1,25.4,25.8,-0.30,28.0
101/06/04,44.0,1096.0,25.0,25.4,24.5,25.15,-0.65,25.0
101/06/05,48.0,1200.0,25.1,25.6,24.9,25.0,-0.15,28.0
101/06/06,76.0,1930.0,25.3,25.5,25.2,25.5,0.50,23.0
101/06/07,22.0,561.0,25.6,25.65,25.2,25.2,-0.30,17.0
101/06/08,79.0,1988.0,25.0,25.7,25.0,25.7,0.50,22.0
101/06/11,76.0,1939.0,25.8,25.8,25.05,25.8,0.10,47.0
101/06/12,12.0,307.0,25.5,25.75,25.5,25.75,-0.05,7.0
101/06/13,41.0,1049.0,25.8,25.8,25.35,25.7,-0.05,28.0
101/06/14,18.0,463.0,25.8,25.8,25.5,25.7,0.00,10.0
101/06/15,96.0,2512.0,26.0,26.5,26.0,26.4,0.70,45.0
101/06/18,56.0,1497.0,26.6,26.8,26.45,26.5,0.10,38.0
101/06/19,62.0,1606.0,25.25,26.4,25.25,26.4,-0.10,34.0
101/06/20,277.0,7477.0,26.2,27.8,26.2,27.5,1.10,108.0
101/06/21,277.0,7772.0,28.0,28.5,27.35,27.6,0.10,148.0
101/06/22,166.0,4577.0,27.1,27.8,27.05,27.5,-0.10,49.0
101/06/25,41.0,1113.0,27.5,27.5,27.0,27.05,-0.45,32.0
101/06/26,84.0,2260.0,27.05,27.15,26.4,26.95,-0.10,50.0
101/06/27,24.0,655.0,26.8,26.9,26.7,26.9,-0.05,18.0
101/06/28,34.0,926.0,27.2,27.2,26.7,26.7,-0.20,20.0
101/06/29,32.0,866.0,27.0,27.1,26.7,26.7,0.00,19.0
101/07/02,25.0,674.0,26.8,26.8,26.6,26.7,0.00,20.0
101/07/03,139.0,3747.0,26.85,27.4,26.4,27.0,0.30,57.0
101/07/04,63.0,1709.0,27.2,27.45,27.0,27.0,0.00,25.0
101/07/05,13.0,359.0,26.85,27.0,26.7,27.0,0.00,12.0
101/07/06,55.0,1459.0,26.2,26.95,26.2,26.4,-0.60,31.0
101/07/09,101.0,2608.0,25.65,26.45,25.65,25.7,-0.70,63.0
101/07/10,80.0,2025.0,25.8,25.8,25.0,25.65,-0.05,41.0
101/07/11,19.0,492.0,25.5,25.5,25.3,25.3,-0.35,12.0
101/07/12,21.0,539.0,25.9,25.9,25.1,25.2,-0.10,19.0
101/07/13,53.0,1339.0,25.0,25.4,24.85,25.4,0.20,22.0
101/07/16,0.0,0.0,--,--,--,--,0.00,0
101/07/17,59.0,1478.0,25.75,25.75,24.8,25.0,-0.40,31.0
101/07/18,25.0,631.0,25.0,25.25,24.8,24.8,-0.20,19.0
101/07/19,38.0,947.0,25.0,25.0,24.85,24.85,0.05,14.0
101/07/20,2.0,55.0,25.25,25.25,25.0,25.0,0.15,3.0
101/07/23,6.0,148.0,24.8,24.95,24.5,24.5,-0.50,5.0
101/07/24,51.0,1238.0,24.25,24.5,24.0,24.5,0.00,32.0
101/07/25,11.0,273.0,24.5,24.5,24.1,24.4,-0.10,8.0
101/07/26,32.0,779.0,24.2,24.3,24.0,24.3,-0.10,20.0
101/07/27,46.0,1121.0,24.35,24.65,24.35,24.6,0.30,34.0
101/07/30,21.0,487.0,23.1,23.5,23.1,23.4,0.30,20.0
101/07/31,14.0,326.0,23.4,23.8,23.4,23.8,0.40,11.0
101/08/01,18.0,417.0,24.0,24.1,23.7,23.7,-0.10,10.0
101/08/03,6.0,139.0,22.85,23.45,22.85,23.1,-0.60,8.0
101/08/06,15.0,350.0,23.4,23.7,23.3,23.4,0.30,6.0
101/08/07,28.0,621.0,23.0,23.1,21.8,22.9,-0.50,22.0
101/08/08,80.0,1879.0,22.6,23.7,22.6,23.5,0.60,27.0
101/08/09,134.0,3265.0,23.5,24.5,23.5,24.4,0.90,49.0
101/08/10,35.0,841.0,23.7,24.4,23.7,24.35,-0.05,22.0
101/08/13,29.0,711.0,24.8,24.8,24.35,24.35,0.00,13.0
101/08/14,41.0,1005.0,24.4,24.4,24.4,24.4,0.05,8.0
101/08/15,49.0,1182.0,24.4,24.4,23.4,24.2,-0.20,17.0
101/08/16,112.0,2733.0,24.2,24.7,24.2,24.3,0.10,33.0
101/08/17,17.0,411.0,24.6,24.6,23.8,24.35,0.05,11.0
101/08/20,67.0,1611.0,23.85,24.3,23.85,23.9,-0.45,16.0
101/08/21,47.0,1142.0,23.95,24.35,23.95,24.35,0.45,25.0
101/08/22,49.0,1193.0,24.35,24.5,23.9,24.2,-0.15,18.0
101/08/23,53.0,1272.0,24.0,24.05,23.85,24.05,-0.15,17.0
101/08/24,19.0,458.0,23.9,23.9,23.85,23.9,-0.15,18.0
101/08/27,44.0,1055.0,24.0,24.0,23.75,23.9,0.00,12.0
101/08/28,124.0,2890.0,23.65,23.9,22.85,23.9,0.00,66.0
101/08/29,37.0,886.0,23.8,23.8,23.4,23.75,-0.15,15.0
101/08/30,29.0,695.0,23.45,23.8,23.45,23.8,0.05,9.0
101/08/31,35.0,841.0,23.7,24.05,23.65,23.95,0.15,24.0
101/09/03,62.0,1477.0,24.0,24.05,23.7,23.7,-0.25,17.0
101/09/04,49.0,1145.0,23.7,23.8,23.3,23.7,0.00,26.0
101/09/05,172.0,4159.0,24.0,24.6,23.8,24.0,0.30,83.0
101/09/06,85.0,2031.0,24.0,24.2,23.9,23.9,-0.10,33.0
101/09/07,88.0,2128.0,24.2,24.4,24.0,24.0,0.10,38.0
101/09/10,105.0,2532.0,24.0,24.25,24.0,24.25,0.25,34.0
101/09/11,76.0,1848.0,24.25,24.6,24.25,24.25,0.00,36.0
101/09/12,113.0,2771.0,24.5,24.8,24.3,24.3,0.05,55.0
101/09/13,49.0,1179.0,24.3,24.35,24.1,24.1,-0.20,18.0
101/09/14,67.0,1634.0,24.3,24.35,24.15,24.2,0.10,27.0
101/09/17,303.0,7628.0,24.25,25.85,24.25,25.2,1.00,130.0
101/09/18,168.0,4273.0,25.2,25.8,25.15,25.45,0.25,77.0
101/09/19,131.0,3315.0,25.45,25.45,25.2,25.3,-0.15,40.0
101/09/20,48.0,1214.0,25.3,25.35,25.05,25.05,-0.25,28.0
101/09/21,50.0,1249.0,25.05,25.45,25.05,25.1,0.05,29.0
101/09/24,111.0,2761.0,25.0,25.2,24.8,25.2,0.10,37.0
101/09/25,17.0,426.0,25.6,25.6,24.95,24.95,-0.25,14.0
101/09/26,68.0,1687.0,24.95,24.95,24.65,24.95,0.00,27.0
101/09/27,25.0,625.0,24.95,25.15,24.95,24.95,0.00,16.0
101/09/28,27.0,673.0,24.95,24.95,24.7,24.7,-0.25,15.0
101/10/01,39.0,955.0,24.6,24.6,24.25,24.6,-0.10,22.0
101/10/02,6.0,160.0,25.1,25.1,24.75,24.75,0.15,5.0
101/10/03,19.0,459.0,24.6,24.85,24.4,24.85,0.10,18.0
101/10/04,7.0,177.0,24.6,24.85,24.5,24.85,0.00,6.0
101/10/05,23.0,572.0,24.85,25.0,24.85,24.95,0.10,13.0
101/10/08,53.0,1289.0,24.85,24.9,24.35,24.9,-0.05,39.0
101/10/09,29.0,703.0,24.5,24.75,24.3,24.5,-0.40,17.0
101/10/11,39.0,960.0,24.5,24.6,24.05,24.3,-0.20,29.0
101/10/12,19.0,459.0,24.2,24.2,24.1,24.2,-0.10,14.0
101/10/15,17.0,414.0,24.2,24.8,24.1,24.8,0.60,11.0
101/10/16,6.0,148.0,24.8,24.8,24.5,24.5,-0.30,5.0
101/10/17,30.0,746.0,24.6,24.8,24.4,24.7,0.20,20.0
101/10/18,37.0,897.0,24.9,24.9,24.35,24.5,-0.20,24.0
101/10/19,55.0,1346.0,24.3,25.1,24.3,25.1,0.60,24.0
101/10/22,8.0,202.0,24.9,24.9,24.45,24.7,-0.40,7.0
101/10/23,6.0,147.0,24.5,24.7,24.4,24.7,0.00,4.0
101/10/24,10.0,245.0,24.3,24.7,24.3,24.45,-0.25,9.0
101/10/25,12.0,293.0,24.5,24.55,24.35,24.55,0.10,10.0
101/10/26,40.0,958.0,24.35,24.4,23.95,24.35,-0.20,28.0
101/10/29,40.0,942.0,24.3,24.3,22.85,23.7,-0.65,26.0
101/10/30,35.0,822.0,23.5,23.65,23.2,23.65,-0.05,14.0
101/10/31,17.0,397.0,22.1,24.1,22.1,23.7,0.05,13.0
101/11/01,34.0,788.0,23.3,23.5,22.7,22.9,-0.80,26.0
101/11/02,197.0,4463.0,23.2,23.65,22.3,23.65,0.75,62.0
101/11/05,39.0,886.0,23.3,23.3,22.9,22.9,-0.75,17.0
101/11/06,11.0,260.0,22.9,22.9,22.7,22.7,-0.20,12.0
101/11/07,137.0,3130.0,22.7,23.4,22.25,23.4,0.70,61.0
101/11/08,22.0,501.0,22.9,23.45,22.9,23.4,0.00,16.0
101/11/09,69.0,1623.0,22.7,23.8,22.7,23.8,0.40,32.0
101/11/12,70.0,1713.0,23.4,25.0,23.4,24.3,0.50,34.0
101/11/13,22.0,530.0,23.8,24.0,23.5,24.0,-0.30,10.0
101/11/14,39.0,928.0,23.5,24.0,23.5,23.7,-0.30,14.0
101/11/15,28.0,674.0,23.5,23.8,23.5,23.7,0.00,12.0
101/11/16,19.0,455.0,23.7,23.7,23.7,23.7,0.00,9.0
101/11/19,18.0,424.0,23.6,23.7,23.1,23.7,0.00,9.0
101/11/20,18.0,418.0,23.25,23.5,23.1,23.5,-0.20,13.0
101/11/21,21.0,485.0,23.35,23.35,23.0,23.0,-0.50,9.0
101/11/22,33.0,756.0,22.75,23.0,22.5,23.0,0.00,20.0
101/11/23,41.0,951.0,23.1,23.25,22.7,23.2,0.20,33.0
101/11/26,130.0,3138.0,23.0,24.65,23.0,24.5,1.30,57.0
101/11/27,56.0,1371.0,24.35,24.35,24.3,24.3,-0.20,14.0
101/11/28,74.0,1800.0,23.9,24.3,23.9,24.3,0.00,15.0
101/11/29,29.0,705.0,24.6,24.6,24.0,24.4,0.10,18.0
101/11/30,29.0,710.0,24.15,24.5,24.15,24.3,-0.10,15.0
101/12/03,12.0,288.0,24.05,24.05,24.0,24.0,-0.30,8.0
101/12/04,15.0,371.0,23.95,24.3,23.65,24.3,0.30,14.0
101/12/05,50.0,1222.0,24.3,24.4,24.3,24.35,0.05,30.0
101/12/06,6.0,144.0,24.2,24.2,23.85,24.0,-0.35,9.0
101/12/07,17.0,411.0,24.0,24.0,23.8,23.85,-0.15,9.0
101/12/10,17.0,407.0,23.3,23.85,23.3,23.85,0.00,9.0
101/12/11,19.0,454.0,23.5,23.8,23.45,23.8,-0.05,15.0
101/12/12,14.0,328.0,23.85,23.85,23.55,23.8,0.00,9.0
101/12/13,39.0,925.0,23.6,23.8,23.35,23.8,0.00,31.0
101/12/14,17.0,403.0,23.55,23.6,23.5,23.5,-0.30,10.0
101/12/17,7.0,170.0,24.0,24.0,23.5,23.5,0.00,7.0
101/12/18,22.0,526.0,23.5,23.95,23.5,23.8,0.30,16.0
101/12/19,37.0,879.0,23.9,24.0,23.55,23.7,-0.10,16.0
101/12/20,15.0,357.0,23.85,23.85,23.5,23.5,-0.20,10.0
101/12/21,26.0,614.0,23.6,23.6,23.1,23.1,-0.40,17.0
101/12/22,12.0,270.0,23.5,23.5,23.2,23.2,0.10,11.0
101/12/24,18.0,420.0,23.4,23.4,23.2,23.25,0.05,21.0
101/12/25,6.0,144.0,23.4,23.45,23.1,23.1,-0.15,6.0
101/12/26,11.0,260.0,23.2,23.2,23.15,23.15,0.05,12.0
101/12/27,230.0,5501.0,23.3,24.1,23.3,24.1,0.95,90.0
101/12/28,647.0,16311.0,24.5,25.75,24.5,24.65,0.55,289.0
102/01/02,136.0,3337.0,25.4,25.4,24.1,24.55,-0.10,105.0
102/01/03,364.0,9200.0,24.9,25.5,24.9,25.25,0.70,137.0
102/01/04,30.0,756.0,25.25,25.25,24.75,24.8,-0.45,26.0
102/01/07,67.0,1683.0,25.4,25.4,24.9,24.9,0.10,46.0
102/01/08,61.0,1509.0,24.9,25.0,24.7,24.7,-0.20,29.0
102/01/09,31.0,767.0,24.8,24.8,24.7,24.8,0.10,20.0
102/01/10,29.0,727.0,25.1,25.1,24.6,24.65,-0.15,23.0
102/01/11,32.0,793.0,24.6,24.7,24.55,24.6,-0.05,20.0
102/01/14,74.0,1819.0,24.6,24.95,24.3,24.95,0.35,48.0
102/01/15,49.0,1211.0,24.55,24.85,24.5,24.85,-0.10,21.0
102/01/16,213.0,5385.0,24.85,25.7,24.85,25.2,0.35,110.0
102/01/17,170.0,4168.0,25.1,25.1,23.6,25.0,-0.20,93.0
102/01/18,155.0,3878.0,24.8,25.15,24.8,24.95,-0.05,47.0
102/01/21,7.0,176.0,24.95,24.95,24.7,24.95,0.00,6.0
102/01/22,29.0,725.0,25.0,25.2,24.65,24.65,-0.30,22.0
102/01/23,27.0,671.0,24.5,24.85,24.4,24.85,0.20,19.0
102/01/24,342.0,8664.0,24.85,25.6,24.5,25.45,0.60,106.0
102/01/25,52.0,1322.0,25.55,25.7,25.0,25.0,-0.45,36.0
102/01/28,56.0,1410.0,25.2,25.45,25.1,25.25,0.25,19.0
102/01/29,70.0,1766.0,25.3,25.3,25.15,25.25,0.00,34.0
102/01/30,76.0,1922.0,25.3,25.5,25.05,25.25,0.00,51.0
102/01/31,21.0,531.0,25.3,25.3,25.0,25.1,-0.15,17.0
102/02/01,29.0,721.0,25.35,25.35,25.0,25.1,0.00,19.0
102/02/04,55.0,1375.0,25.05,25.1,24.85,25.1,0.00,27.0
102/02/05,244.0,6194.0,25.0,25.6,24.7,25.15,0.05,100.0
102/02/06,61.0,1528.0,25.15,25.15,24.95,25.0,-0.15,36.0
102/02/18,86.0,2129.0,25.1,25.1,24.5,24.7,-0.30,44.0
102/02/19,71.0,1776.0,24.7,25.3,24.5,25.1,0.40,40.0
102/02/20,128.0,3245.0,25.1,25.4,25.1,25.35,0.25,56.0
102/02/21,58.0,1466.0,25.4,25.5,25.3,25.3,-0.05,33.0
102/02/22,246.0,6233.0,25.15,25.5,25.1,25.45,0.15,84.0
102/02/23,84.0,2145.0,25.5,25.7,25.3,25.6,0.15,39.0
102/02/25,45.0,1152.0,25.6,25.6,25.3,25.3,-0.30,31.0
102/02/26,46.0,1156.0,25.3,25.35,25.0,25.0,-0.30,25.0
102/02/27,256.0,6482.0,25.0,25.5,25.0,25.2,0.20,63.0
102/03/01,103.0,2616.0,25.4,25.6,25.25,25.3,0.10,47.0
102/03/04,83.0,2080.0,25.4,25.4,24.85,24.9,-0.40,34.0
102/03/05,43.0,1083.0,25.0,25.1,24.9,25.0,0.10,29.0
102/03/06,50.0,1256.0,25.1,25.2,25.1,25.1,0.10,25.0
102/03/07,36.0,896.0,25.2,25.2,25.05,25.05,-0.05,28.0
102/03/08,1019.0,26973.0,25.5,26.8,25.25,26.8,1.75,370.0
102/03/11,2641.0,74986.0,28.65,28.65,27.3,28.45,1.65,1017.0
102/03/12,613.0,16982.0,28.2,28.2,27.4,27.5,-0.95,308.0
102/03/13,1594.0,46261.0,27.2,29.4,27.2,29.4,1.90,625.0
102/03/14,1137.0,33481.0,29.6,30.1,28.55,29.25,-0.15,626.0
102/03/15,389.0,11236.0,29.25,29.5,28.7,28.7,-0.55,213.0
102/03/18,449.0,12743.0,28.7,29.45,27.5,27.8,-0.90,232.0
102/03/19,536.0,15262.0,27.8,29.15,27.7,28.3,0.50,259.0
102/03/20,400.0,11289.0,28.5,28.6,27.6,28.2,-0.10,157.0
102/03/21,229.0,6547.0,28.3,29.2,28.3,28.35,0.15,115.0
102/03/22,201.0,5682.0,28.1,28.35,28.1,28.15,-0.20,101.0
102/03/25,405.0,11573.0,28.65,29.05,28.15,28.3,0.15,163.0
102/03/26,1310.0,39116.0,28.4,30.25,28.2,30.25,1.95,527.0
102/03/27,2781.0,88257.0,30.9,32.35,30.4,30.55,0.30,1245.0
102/03/28,840.0,25177.0,30.5,30.5,29.6,29.8,-0.75,331.0
102/03/29,697.0,21281.0,30.5,31.45,29.6,30.5,0.70,367.0
102/04/01,577.0,17370.0,30.55,30.9,29.8,30.0,-0.50,227.0
102/04/02,459.0,14048.0,30.0,31.2,29.9,30.1,0.10,276.0
102/04/03,1718.0,54619.0,30.6,32.2,30.6,32.1,2.00,884.0
102/04/08,1147.0,34722.0,31.7,31.7,29.9,30.05,-2.05,454.0
102/04/09,704.0,21324.0,30.3,30.7,30.1,30.25,0.20,299.0
102/04/10,616.0,18995.0,30.4,31.3,29.95,30.25,0.00,333.0
102/04/11,839.0,26110.0,30.85,31.7,30.6,30.6,0.35,280.0
102/04/12,406.0,12487.0,31.1,31.3,30.35,30.4,-0.20,188.0
102/04/15,317.0,9595.0,30.5,30.6,30.0,30.0,-0.40,116.0
102/04/16,670.0,20040.0,29.8,31.1,29.0,30.9,0.90,265.0
102/04/17,769.0,24610.0,31.3,32.6,30.95,31.95,1.05,363.0
102/04/18,1076.0,35371.0,32.0,33.7,31.9,32.4,0.45,667.0
102/04/19,525.0,17029.0,32.8,33.1,32.0,32.05,-0.35,234.0
102/04/22,675.0,22248.0,32.4,33.7,31.6,33.0,0.95,393.0
102/04/23,718.0,24109.0,33.1,34.2,32.95,33.0,0.00,394.0
102/04/24,1359.0,46399.0,33.2,35.25,33.0,33.5,0.50,703.0
102/04/25,356.0,11868.0,33.15,34.0,32.8,33.2,-0.30,216.0
102/04/26,403.0,13364.0,33.35,33.8,32.3,32.5,-0.70,209.0
102/04/29,428.0,14087.0,32.5,33.3,32.5,32.6,0.10,171.0
102/04/30,369.0,11910.0,33.1,33.2,31.5,31.9,-0.70,200.0
102/05/02,231.0,7360.0,32.3,32.3,31.6,31.6,-0.30,131.0
102/05/03,288.0,9161.0,31.6,32.45,31.3,31.3,-0.30,166.0
102/05/06,287.0,9012.0,31.5,31.95,31.0,31.3,0.00,157.0
102/05/07,470.0,14391.0,31.3,31.4,30.15,30.15,-1.15,203.0
102/05/08,769.0,23886.0,30.2,31.65,30.1,31.45,1.30,354.0
102/05/09,382.0,12100.0,31.6,32.2,31.3,31.6,0.15,173.0
102/05/10,263.0,8178.0,31.5,31.7,30.7,31.1,-0.50,108.0
102/05/13,92.0,2848.0,31.4,31.4,30.8,30.95,-0.15,59.0
102/05/14,87.0,2670.0,31.0,31.0,30.5,30.55,-0.40,67.0
102/05/15,169.0,5214.0,30.9,31.3,30.7,30.9,0.35,86.0
102/05/16,887.0,28347.0,31.4,32.5,30.9,31.55,0.65,315.0
102/05/17,1247.0,41176.0,31.7,33.75,31.4,33.75,2.20,460.0
102/05/20,362.0,11994.0,33.65,33.65,32.8,32.8,-0.95,207.0
102/05/21,882.0,29807.0,32.9,34.6,32.85,33.6,0.80,411.0
102/05/22,1285.0,41212.0,33.7,34.1,31.25,31.7,-1.90,608.0
102/05/23,339.0,10505.0,31.45,31.45,30.65,31.0,-0.70,197.0
102/05/24,201.0,6200.0,31.1,31.3,30.5,30.7,-0.30,108.0
102/05/27,118.0,3627.0,30.7,31.1,30.7,30.75,0.05,69.0
102/05/28,103.0,3198.0,30.85,31.2,30.75,30.9,0.15,64.0
102/05/29,386.0,12079.0,31.1,31.55,30.55,31.2,0.30,198.0
102/05/30,116.0,3579.0,31.2,31.2,30.7,30.75,-0.45,84.0
102/05/31,447.0,14084.0,31.2,31.8,31.2,31.8,1.05,208.0
102/06/03,125.0,3918.0,31.3,31.6,31.1,31.4,-0.40,78.0
102/06/04,754.0,24655.0,32.0,33.0,31.9,32.7,1.30,443.0
102/06/05,272.0,8800.0,32.6,32.95,31.9,32.0,-0.70,177.0
102/06/06,127.0,3992.0,31.7,31.7,31.4,31.55,-0.45,85.0
102/06/07,138.0,4328.0,31.7,32.0,31.1,31.15,-0.40,92.0
102/06/10,56.0,1766.0,31.8,31.8,31.35,31.5,0.35,34.0
102/06/11,85.0,2658.0,31.3,31.3,31.0,31.0,-0.50,60.0
102/06/13,326.0,9699.0,30.8,30.8,29.5,29.5,-1.50,156.0
102/06/14,127.0,3704.0,29.8,29.8,28.5,28.6,-0.90,66.0
102/06/17,59.0,1704.0,29.0,29.0,28.6,28.9,0.30,38.0
102/06/18,34.0,987.0,29.5,29.5,28.95,29.0,0.10,31.0
102/06/19,50.0,1471.0,29.1,29.5,29.0,29.0,0.00,31.0
102/06/20,86.0,2454.0,29.0,29.0,28.55,28.9,-0.10,53.0
102/06/21,150.0,4217.0,28.6,28.75,28.0,28.6,-0.30,65.0
102/06/24,27.0,780.0,28.7,28.9,28.5,28.9,0.30,24.0
102/06/25,103.0,2984.0,28.6,29.2,28.6,28.6,-0.30,43.0
102/06/26,199.0,5874.0,29.0,30.1,29.0,29.6,1.00,76.0
102/06/27,48.0,1420.0,29.5,29.9,29.5,29.55,-0.05,30.0
102/06/28,31.0,912.0,29.6,29.6,29.3,29.5,-0.05,19.0
102/07/01,60.0,1782.0,29.5,30.0,29.5,29.9,0.40,34.0
102/07/02,73.0,2196.0,30.05,30.2,29.7,29.9,0.00,42.0
102/07/03,42.0,1240.0,29.6,29.6,29.35,29.35,-0.55,14.0
102/07/04,26.0,763.0,29.35,29.5,29.2,29.2,-0.15,17.0
102/07/05,38.0,1108.0,29.65,29.65,29.0,29.0,-0.20,22.0
102/07/08,32.0,920.0,29.0,29.4,28.8,28.8,-0.20,20.0
102/07/09,120.0,3473.0,28.95,29.4,28.8,29.4,0.60,36.0
102/07/10,23.0,673.0,29.55,29.6,29.0,29.2,-0.20,15.0
102/07/11,23.0,675.0,29.5,29.5,29.05,29.5,0.30,20.0
102/07/12,7.0,205.0,29.1,29.5,29.1,29.5,0.00,6.0
102/07/15,27.0,794.0,29.5,29.5,28.85,29.4,-0.10,21.0
102/07/16,8.0,235.0,29.3,29.4,29.2,29.3,-0.10,8.0
102/07/17,38.0,1128.0,29.6,29.8,29.2,29.8,0.50,28.0
102/07/18,33.0,983.0,29.8,29.85,29.55,29.8,0.00,17.0
102/07/19,29.0,852.0,29.5,29.55,29.25,29.5,-0.30,22.0
102/07/22,25.0,730.0,29.4,29.45,29.05,29.3,-0.20,23.0
102/07/23,61.0,1816.0,29.5,29.8,29.5,29.5,0.20,38.0
102/07/24,57.0,1686.0,29.8,29.8,29.45,29.6,0.10,33.0
102/07/25,79.0,2355.0,29.6,29.85,29.6,29.6,0.00,51.0
102/07/26,103.0,3066.0,30.0,30.0,29.65,29.65,0.05,67.0
102/07/29,155.0,4659.0,30.0,30.2,29.7,30.0,0.35,95.0
102/07/30,74.0,2227.0,30.3,30.3,30.0,30.1,0.10,39.0
102/07/31,60.0,1812.0,30.1,30.4,30.1,30.15,0.05,41.0
102/08/01,81.0,2451.0,30.2,30.3,30.1,30.15,0.00,62.0
102/08/02,117.0,3531.0,30.25,30.3,30.1,30.1,-0.05,61.0
102/08/05,176.0,5327.0,30.3,30.6,30.1,30.3,0.20,94.0
102/08/06,108.0,3280.0,30.4,30.5,30.15,30.25,-0.05,75.0
102/08/07,157.0,4705.0,30.25,30.3,29.8,29.85,-0.40,107.0
102/08/08,383.0,11486.0,29.85,30.15,29.85,30.15,0.30,233.0
102/08/09,296.0,7847.0,26.8,26.8,26.05,26.5,-0.80,165.0
102/08/12,88.0,2294.0,26.05,26.3,25.9,25.9,-0.60,61.0
102/08/13,167.0,4636.0,27.7,27.7,27.7,27.7,1.80,99.0
102/08/14,449.0,12980.0,29.4,29.4,28.0,28.1,0.40,273.0
102/08/15,199.0,5528.0,27.8,28.25,27.5,27.75,-0.35,120.0
102/08/16,154.0,4259.0,27.5,27.95,27.35,27.8,0.05,96.0
102/08/19,185.0,5249.0,27.8,29.0,27.8,28.25,0.45,108.0
102/08/20,149.0,4156.0,28.25,28.3,27.5,27.55,-0.70,85.0
102/08/22,81.0,2225.0,27.35,27.5,27.2,27.5,-0.05,55.0
102/08/23,609.0,17665.0,27.75,29.4,27.75,29.2,1.70,264.0
102/08/26,312.0,9024.0,28.95,29.1,28.6,28.6,-0.60,149.0
102/08/27,135.0,3808.0,28.6,28.6,28.0,28.05,-0.55,92.0
102/08/28,161.0,4544.0,28.0,28.7,27.55,28.5,0.45,90.0
102/08/29,185.0,5275.0,28.5,28.85,28.1,28.8,0.30,90.0
102/08/30,366.0,10654.0,28.8,29.4,28.6,29.3,0.50,145.0
102/09/02,562.0,16932.0,29.2,30.85,29.1,30.35,1.05,240.0
102/09/03,156.0,4684.0,30.4,30.4,29.9,30.05,-0.30,69.0
102/09/04,94.0,2799.0,29.8,30.0,29.5,30.0,-0.05,61.0
102/09/05,328.0,9903.0,30.0,30.7,29.9,30.0,0.00,156.0
102/09/06,118.0,3510.0,30.0,30.1,29.5,29.6,-0.40,81.0
102/09/09,116.0,3403.0,29.6,29.6,29.1,29.1,-0.50,63.0
102/09/10,115.0,3305.0,29.1,29.3,28.5,28.5,-0.60,72.0
102/09/11,50.0,1425.0,28.5,28.65,28.35,28.65,0.15,36.0
102/09/12,22.0,629.0,28.65,28.75,28.35,28.35,-0.30,20.0
102/09/13,41.0,1168.0,28.35,28.6,28.1,28.5,0.15,26.0
102/09/14,19.0,549.0,28.6,29.0,28.6,28.65,0.15,16.0
102/09/16,178.0,5186.0,28.9,29.5,28.7,29.45,0.80,86.0
102/09/17,840.0,25823.0,29.45,31.45,29.2,31.3,1.85,412.0
102/09/18,327.0,10062.0,31.5,31.5,30.4,30.5,-0.80,191.0
102/09/23,1300.0,41559.0,30.45,32.6,30.05,32.6,2.10,570.0
102/09/24,534.0,17173.0,32.75,32.75,31.45,31.7,-0.90,318.0
102/09/25,287.0,9138.0,32.0,32.25,31.5,31.5,-0.20,180.0
102/09/26,306.0,9529.0,31.8,31.8,30.85,31.3,-0.20,164.0
102/09/27,243.0,7681.0,31.3,31.75,31.2,31.7,0.40,182.0
102/09/30,88.0,2724.0,31.1,31.3,31.0,31.0,-0.70,95.0
102/10/01,236.0,7405.0,31.0,31.8,31.0,31.3,0.30,141.0
102/10/02,232.0,7250.0,31.5,31.5,30.9,31.15,-0.15,114.0
102/10/03,377.0,11847.0,31.05,31.8,31.05,31.5,0.35,176.0
102/10/04,305.0,9435.0,31.1,31.45,30.7,30.75,-0.75,158.0
102/10/07,308.0,9506.0,30.75,31.05,30.7,30.9,0.15,96.0
102/10/08,328.0,10205.0,30.9,31.45,30.8,31.3,0.40,139.0
102/10/09,141.0,4361.0,31.3,31.3,30.7,30.7,-0.60,66.0
102/10/11,144.0,4435.0,31.0,31.0,30.6,30.6,-0.10,72.0
102/10/14,184.0,5530.0,30.5,30.5,29.8,29.8,-0.80,103.0
102/10/15,140.0,4226.0,29.85,30.5,29.8,30.15,0.35,87.0
102/10/16,45.0,1350.0,30.15,30.4,29.9,29.9,-0.25,33.0
102/10/17,54.0,1622.0,30.35,30.35,29.95,30.05,0.15,44.0
102/10/18,167.0,5145.0,30.15,31.0,30.15,30.9,0.85,104.0
102/10/21,218.0,6793.0,30.95,31.45,30.9,31.4,0.50,105.0
102/10/22,94.0,2954.0,31.45,31.5,31.1,31.2,-0.20,66.0
102/10/23,473.0,14974.0,31.2,32.0,31.1,31.5,0.30,210.0
102/10/24,400.0,12692.0,31.5,32.0,31.5,31.65,0.15,114.0
102/10/25,96.0,3012.0,31.7,31.7,30.9,31.2,-0.45,64.0
102/10/28,73.0,2280.0,31.45,31.45,30.9,31.2,0.00,48.0
102/10/29,1478.0,48240.0,30.9,33.35,30.8,33.25,2.05,660.0
102/10/30,684.0,22391.0,33.25,33.4,32.0,32.0,-1.25,409.0
102/10/31,288.0,9221.0,32.0,32.6,31.7,31.7,-0.30,193.0
102/11/01,185.0,5887.0,31.8,32.1,31.7,31.7,0.00,108.0
102/11/04,189.0,5932.0,31.7,31.75,31.0,31.75,0.05,106.0
102/11/05,160.0,5028.0,32.0,32.0,31.05,31.1,-0.65,91.0
102/11/06,159.0,4912.0,31.1,31.1,30.6,30.85,-0.25,82.0
102/11/07,130.0,4006.0,30.9,31.0,30.3,30.5,-0.35,71.0
102/11/08,81.0,2467.0,30.5,30.5,30.2,30.4,-0.10,55.0
102/11/11,97.0,2942.0,30.8,30.8,30.1,30.45,0.05,54.0
102/11/12,838.0,25438.0,28.35,30.9,28.35,30.45,0.00,230.0
102/11/13,150.0,4543.0,30.0,30.4,30.0,30.2,-0.25,55.0
102/11/14,151.0,4564.0,30.2,30.3,29.85,29.9,-0.30,74.0
102/11/15,127.0,3758.0,29.9,30.0,29.3,29.5,-0.40,77.0
102/11/18,39.0,1164.0,29.6,29.9,29.5,29.55,0.05,31.0
102/11/19,42.0,1228.0,29.4,29.6,29.4,29.6,0.05,27.0
102/11/20,67.0,1978.0,29.6,29.95,29.2,29.2,-0.40,44.0
102/11/21,31.0,904.0,29.2,29.4,29.1,29.1,-0.10,20.0
102/11/22,8.0,248.0,29.2,29.55,29.2,29.3,0.20,9.0
102/11/25,20.0,589.0,29.3,29.35,29.3,29.3,0.00,18.0
102/11/26,39.0,1148.0,29.3,29.65,29.3,29.6,0.30,25.0
102/11/27,172.0,5150.0,29.4,30.2,29.4,29.95,0.35,56.0
102/11/28,240.0,7285.0,30.0,30.65,29.9,30.4,0.45,79.0
102/11/29,67.0,2017.0,30.4,30.5,30.15,30.45,0.05,41.0
102/12/02,164.0,5035.0,30.55,30.85,30.5,30.7,0.25,64.0
102/12/03,565.0,18018.0,30.9,32.3,30.9,31.8,1.10,254.0
102/12/04,2911.0,94321.0,32.0,33.5,31.95,32.85,1.05,685.0
102/12/05,2994.0,100512.0,33.0,34.9,32.8,34.35,1.50,790.0
102/12/06,2593.0,93203.0,35.0,36.75,35.0,36.75,2.40,1149.0
102/12/09,3257.0,122990.0,37.1,38.45,37.0,38.0,1.25,1216.0
102/12/10,1255.0,46088.0,37.6,37.6,36.05,37.0,-1.00,559.0
102/12/11,1551.0,57755.0,37.2,37.9,36.2,36.2,-0.80,513.0
102/12/12,1475.0,53747.0,36.2,37.0,35.7,36.35,0.15,485.0
102/12/13,2723.0,103310.0,36.8,38.75,36.55,38.45,2.10,1051.0
102/12/16,1359.0,50747.0,38.4,38.4,36.85,37.05,-1.40,517.0
102/12/17,665.0,24403.0,37.2,37.3,36.4,36.4,-0.65,280.0
102/12/18,791.0,29353.0,36.2,37.8,36.2,37.5,1.10,386.0
102/12/19,678.0,25262.0,37.9,38.0,36.75,37.1,-0.40,284.0
102/12/20,445.0,16520.0,37.1,37.75,36.8,36.8,-0.30,222.0
102/12/23,584.0,21167.0,36.7,36.9,35.8,35.8,-1.00,259.0
102/12/24,1372.0,47707.0,35.6,36.05,33.7,35.35,-0.45,575.0
102/12/25,345.0,12133.0,35.4,35.6,34.9,35.4,0.05,185.0
102/12/26,544.0,19530.0,35.6,36.6,35.3,35.8,0.40,247.0
102/12/27,723.0,26159.0,35.7,36.8,35.4,36.8,1.00,352.0
102/12/30,1022.0,37958.0,37.0,37.5,36.7,36.7,-0.10,492.0
102/12/31,1025.0,36699.0,36.5,36.9,35.0,35.0,-1.70,385.0
103/01/02,486.0,16855.0,35.3,35.3,34.25,34.6,-0.40,244.0
103/01/03,474.0,16809.0,34.85,36.3,34.6,36.3,1.70,247.0
103/01/06,458.0,16242.0,36.0,36.1,35.1,35.1,-1.20,213.0
103/01/07,657.0,22713.0,35.1,35.4,34.3,34.35,-0.75,312.0
103/01/08,527.0,18039.0,34.85,34.85,33.8,34.25,-0.10,270.0
103/01/09,426.0,14634.0,34.25,34.5,34.05,34.1,-0.15,208.0
103/01/10,382.0,13300.0,34.3,35.4,34.3,34.6,0.50,214.0
103/01/13,339.0,11579.0,34.8,34.8,33.8,34.2,-0.40,167.0
103/01/14,386.0,13092.0,34.0,34.6,33.6,33.8,-0.40,165.0
103/01/15,142.0,4813.0,33.9,34.1,33.8,33.85,0.05,76.0
103/01/16,266.0,9108.0,34.2,34.65,34.05,34.1,0.25,141.0
103/01/17,316.0,10784.0,34.3,34.55,33.6,34.5,0.40,155.0
103/01/20,1297.0,46571.0,34.5,36.7,34.4,36.1,1.60,643.0
103/01/21,1017.0,36042.0,36.1,36.15,35.0,35.0,-1.10,407.0
103/01/22,227.0,7937.0,35.1,35.45,34.65,34.65,-0.35,140.0
103/01/23,847.0,30225.0,35.1,36.05,35.1,35.45,0.80,393.0
103/01/24,1361.0,47558.0,35.45,35.5,33.7,34.3,-1.15,470.0
103/01/27,660.0,21912.0,33.8,34.0,32.55,32.9,-1.40,276.0
103/02/05,402.0,12739.0,32.0,32.1,31.0,31.4,-1.50,231.0
103/02/06,421.0,13264.0,31.1,32.2,31.1,31.95,0.55,221.0
103/02/07,274.0,8682.0,32.0,32.3,31.4,31.5,-0.45,164.0
103/02/10,501.0,15570.0,31.4,31.55,30.7,31.4,-0.10,281.0
103/02/11,279.0,8790.0,31.5,31.7,31.1,31.65,0.25,145.0
103/02/12,219.0,6970.0,31.65,32.1,31.65,31.85,0.20,125.0
103/02/13,271.0,8764.0,31.85,32.85,31.5,32.8,0.95,189.0
103/02/14,1059.0,35786.0,33.1,34.4,33.1,33.4,0.60,502.0
103/02/17,449.0,14844.0,33.55,33.65,32.15,32.5,-0.90,202.0
103/02/18,186.0,6090.0,32.5,33.1,32.5,32.85,0.35,109.0
103/02/19,145.0,4737.0,32.8,32.8,32.5,32.8,-0.05,91.0
103/02/20,392.0,13057.0,32.8,34.1,32.8,33.35,0.55,198.0
103/02/21,579.0,19734.0,33.8,34.5,33.7,33.85,0.50,283.0
103/02/24,179.0,6001.0,33.8,33.8,33.2,33.3,-0.55,116.0
103/02/25,170.0,5624.0,33.5,33.5,32.9,33.0,-0.30,96.0
103/02/26,217.0,7163.0,33.0,33.5,32.7,32.7,-0.30,103.0
103/02/27,1813.0,62780.0,32.9,34.95,32.9,34.95,2.25,740.0
103/03/03,3930.0,145724.0,36.5,37.35,36.05,37.35,2.40,1637.0
103/03/04,4140.0,155587.0,37.5,38.4,36.5,37.35,0.00,1845.0
103/03/05,4644.0,174918.0,37.9,38.5,37.0,37.6,0.25,1701.0
103/03/06,3876.0,147414.0,37.5,38.5,37.45,38.5,0.90,1554.0
103/03/07,3549.0,135921.0,38.8,39.5,36.8,36.9,-1.60,1530.0
103/03/10,1592.0,59058.0,37.3,37.8,36.5,37.45,0.55,700.0
103/03/11,881.0,32627.0,37.3,37.65,36.7,37.0,-0.45,416.0
103/03/12,1400.0,52366.0,37.2,37.9,36.9,37.6,0.60,581.0
103/03/13,946.0,35482.0,37.95,38.2,37.0,37.6,0.00,426.0
103/03/14,1687.0,63631.0,37.25,38.25,37.15,37.6,0.00,641.0
103/03/17,761.0,28214.0,37.4,37.4,36.7,36.7,-0.90,378.0
103/03/18,1376.0,49429.0,36.75,37.15,35.15,35.7,-1.00,585.0
103/03/19,751.0,27056.0,35.95,36.5,35.3,35.7,0.00,385.0
103/03/20,380.0,13312.0,35.5,35.5,34.65,34.9,-0.80,233.0
103/03/21,756.0,25924.0,34.7,35.3,33.5,33.85,-1.05,317.0
103/03/24,970.0,31104.0,33.4,33.4,31.5,32.2,-1.65,432.0
103/03/25,485.0,15942.0,32.0,33.35,32.0,33.15,0.95,267.0
103/03/26,265.0,8816.0,33.25,33.8,33.15,33.2,0.05,166.0
103/03/27,247.0,8131.0,33.2,33.25,32.7,33.0,-0.20,139.0
103/03/28,287.0,9333.0,32.5,32.9,32.3,32.5,-0.50,145.0
103/03/31,131.0,4326.0,32.8,33.2,32.55,33.2,0.70,91.0
103/04/01,1238.0,42708.0,33.5,35.5,32.95,35.5,2.30,564.0
103/04/02,595.0,20885.0,35.8,35.8,34.6,34.6,-0.90,340.0
103/04/03,1010.0,35437.0,34.3,35.5,34.3,35.0,0.40,377.0
103/04/07,1168.0,41685.0,36.2,36.2,35.3,35.4,0.40,574.0
103/04/08,202.0,7124.0,35.4,35.5,35.0,35.15,-0.25,122.0
103/04/09,321.0,11421.0,35.6,35.8,35.3,35.6,0.45,157.0
103/04/10,2528.0,92287.0,36.0,37.25,35.6,36.65,1.05,931.0
103/04/11,2662.0,98401.0,36.0,38.0,35.5,38.0,1.35,760.0
103/04/14,792.0,29225.0,37.5,37.7,36.1,36.1,-1.90,365.0
103/04/15,505.0,18287.0,36.2,36.5,36.0,36.1,0.00,199.0
103/04/16,750.0,27567.0,36.6,37.15,36.0,36.7,0.60,298.0
103/04/17,602.0,22132.0,36.7,36.85,36.4,36.85,0.15,99.0
103/04/18,564.0,20627.0,36.7,36.9,36.2,36.55,-0.30,106.0
103/04/21,124.0,4472.0,36.55,36.55,36.0,36.0,-0.55,72.0
103/04/22,256.0,9357.0,35.8,37.0,35.8,36.4,0.40,116.0
103/04/23,86.0,3125.0,36.6,36.6,36.05,36.2,-0.20,70.0
103/04/24,657.0,24250.0,36.7,37.3,36.5,37.0,0.80,327.0
103/04/25,1671.0,62002.0,37.5,37.7,35.55,37.2,0.20,632.0
103/04/28,379.0,13945.0,37.2,37.5,36.3,36.3,-0.90,190.0
103/04/29,338.0,12403.0,36.5,36.95,36.3,36.5,0.20,138.0
103/04/30,317.0,11634.0,36.7,37.25,36.3,36.5,0.00,152.0
103/05/02,730.0,27003.0,37.0,37.6,36.4,36.4,-0.10,334.0
103/05/05,613.0,21925.0,36.3,36.3,35.3,36.2,-0.20,275.0
103/05/06,216.0,7749.0,36.1,36.15,35.65,36.15,-0.05,97.0
103/05/07,202.0,7210.0,35.8,35.9,35.5,35.6,-0.55,86.0
103/05/08,276.0,9731.0,35.6,35.6,35.0,35.0,-0.60,134.0
103/05/09,960.0,32725.0,35.0,35.2,32.8,35.1,0.10,407.0
103/05/12,156.0,5362.0,34.7,34.7,34.05,34.7,-0.40,72.0
103/05/13,360.0,12383.0,34.5,34.95,34.1,34.7,0.00,200.0
103/05/14,187.0,6452.0,34.2,34.7,34.2,34.7,0.00,62.0
103/05/15,1726.0,62475.0,35.0,37.0,35.0,37.0,2.30,619.0
103/05/16,842.0,30994.0,37.0,37.3,36.2,36.8,-0.20,425.0
103/05/19,440.0,16125.0,37.0,37.0,36.3,36.3,-0.50,173.0
103/05/20,435.0,15990.0,36.5,36.95,36.3,36.8,0.50,179.0
103/05/21,484.0,17629.0,36.6,36.8,35.5,36.45,-0.35,218.0
103/05/22,253.0,9201.0,36.0,36.8,36.0,36.6,0.15,136.0
103/05/23,1315.0,48829.0,36.7,37.5,36.35,37.25,0.65,527.0
103/05/26,586.0,21898.0,38.0,38.0,36.85,37.15,-0.10,268.0
103/05/27,281.0,10331.0,37.1,37.25,36.5,36.9,-0.25,148.0
103/05/28,4482.0,174002.0,37.0,39.45,36.9,39.45,2.55,1516.0
103/05/29,2392.0,92415.0,39.8,39.85,37.6,38.1,-1.35,999.0
103/05/30,4949.0,197492.0,38.0,40.75,38.0,40.75,2.65,1698.0
103/06/03,5056.0,216160.0,41.75,43.6,41.75,43.0,2.25,2215.0
103/06/04,1828.0,78493.0,42.8,44.05,42.0,42.6,-0.40,1093.0
103/06/05,4052.0,181069.0,43.2,45.55,43.1,45.55,2.95,1687.0
103/06/06,2911.0,129565.0,45.85,45.9,43.1,43.45,-2.10,1412.0
103/06/09,3390.0,151015.0,44.0,45.9,42.3,45.9,2.45,1409.0
103/06/10,3486.0,164013.0,45.7,48.4,44.5,48.0,2.10,1591.0
103/06/11,1772.0,85429.0,48.0,48.6,47.3,48.4,0.40,843.0
103/06/12,4348.0,218978.0,48.0,51.7,47.3,51.7,3.30,1588.0
103/06/13,4298.0,232122.0,51.3,55.3,51.0,55.3,3.60,1837.0
103/06/16,3117.0,173685.0,55.5,57.3,54.3,55.2,-0.10,1587.0
103/06/17,3621.0,211083.0,56.0,59.0,56.0,59.0,3.80,1619.0
103/06/18,4070.0,250689.0,59.9,62.5,59.9,62.0,3.00,2142.0
103/06/19,3751.0,235378.0,63.0,64.1,61.5,61.9,-0.10,1814.0
103/06/20,3544.0,229011.0,62.9,66.0,62.9,66.0,4.10,1849.0
103/06/23,4523.0,299541.0,68.0,68.6,63.9,64.4,-1.60,2457.0
103/06/24,2670.0,175952.0,65.8,67.1,64.5,65.5,1.10,1577.0
103/06/25,4571.0,283198.0,65.3,65.3,61.0,62.0,-3.50,2226.0
103/06/26,4426.0,265421.0,62.0,62.5,58.5,59.3,-2.70,2350.0
103/06/27,4517.0,272126.0,59.3,61.3,58.3,59.2,-0.10,2393.0
103/06/30,3067.0,177246.0,59.0,59.5,56.6,57.0,-2.20,1754.0
103/07/01,3122.0,180451.0,56.4,59.4,56.4,57.3,0.30,1729.0
103/07/02,1964.0,113319.0,58.2,58.7,56.5,57.0,-0.30,1098.0
103/07/03,1349.0,77476.0,57.6,58.2,56.8,57.2,0.20,711.0
103/07/04,2622.0,153992.0,57.8,59.6,57.4,58.3,1.10,1545.0
103/07/07,3477.0,194917.0,59.0,59.0,54.3,58.0,-0.30,1808.0
103/07/08,3448.0,191545.0,58.0,58.8,54.0,54.0,-4.00,1679.0
103/07/09,2330.0,123035.0,53.5,54.0,51.6,52.5,-1.50,1229.0
103/07/10,1321.0,69159.0,53.0,53.7,51.0,51.0,-1.50,769.0
103/07/11,3796.0,194947.0,50.0,54.0,47.85,54.0,3.00,1633.0
103/07/14,1246.0,66062.0,53.8,53.8,52.3,52.8,-1.20,748.0
103/07/15,922.0,48761.0,52.5,53.5,52.5,52.6,-0.20,417.0
103/07/16,1669.0,88997.0,52.3,54.3,51.5,53.8,1.20,888.0
103/07/17,994.0,53037.0,54.0,54.8,52.5,52.5,-1.30,530.0
103/07/18,857.0,44899.0,52.0,53.1,51.6,52.0,-0.50,413.0
103/07/21,595.0,31134.0,52.0,53.0,51.9,52.0,0.00,313.0
103/07/22,407.0,21058.0,52.0,52.4,51.0,51.9,-0.10,251.0
103/07/24,1345.0,70892.0,51.9,53.4,51.6,53.4,1.50,440.0
103/07/25,1649.0,88710.0,53.6,54.1,53.0,54.0,0.60,649.0
103/07/28,974.0,51597.0,54.1,54.1,52.2,52.2,-1.80,337.0
103/07/29,1148.0,59659.0,51.8,53.3,49.5,53.3,1.10,562.0
103/07/30,1560.0,81996.0,53.1,53.1,51.9,51.9,-1.40,597.0
103/07/31,1095.0,56098.0,51.8,51.9,50.7,51.0,1.10,605.0
103/08/01,926.0,46576.0,50.0,51.1,49.5,50.9,-0.10,360.0
103/08/04,536.0,27444.0,50.5,52.0,50.3,51.0,0.10,280.0
103/08/05,1609.0,85037.0,51.3,53.7,51.2,53.4,2.40,958.0
103/08/06,2353.0,125154.0,53.5,54.6,50.0,53.5,0.10,1164.0
103/08/07,1044.0,55546.0,53.0,54.0,52.5,53.3,-0.20,434.0
103/08/08,2095.0,111475.0,53.0,53.8,51.5,53.1,-0.20,654.0
103/08/11,622.0,32925.0,53.1,53.5,52.3,52.9,-0.20,330.0
103/08/12,809.0,42141.0,52.5,53.1,51.6,51.7,-1.20,312.0
103/08/13,1251.0,65475.0,51.4,53.4,51.1,52.3,0.60,386.0
103/08/14,736.0,38235.0,52.5,53.0,51.5,52.2,-0.10,313.0
103/08/15,848.0,41691.0,52.2,52.2,48.55,48.55,-3.65,389.0
103/08/18,2058.0,93607.0,45.2,47.5,45.2,45.2,-3.35,732.0
103/08/19,244.0,10260.0,42.05,42.05,42.05,42.05,-3.15,90.0
103/08/20,120.0,4702.0,39.15,39.15,39.15,39.15,-2.90,67.0
103/08/21,54.0,1972.0,36.45,36.45,36.45,36.45,-2.70,28.0
103/08/22,148.0,5018.0,33.9,33.9,33.9,33.9,-2.55,95.0
103/08/25,4303.0,137253.0,31.55,33.9,31.55,31.55,-2.35,1489.0
103/08/26,4700.0,139321.0,29.35,31.0,29.35,30.4,-1.15,2376.0
103/08/27,2811.0,86329.0,30.4,31.2,30.0,30.0,-0.40,1577.0
103/08/28,2589.0,75514.0,30.2,30.5,28.15,29.1,-0.90,1445.0
103/08/29,2780.0,84232.0,29.0,30.75,28.85,30.55,1.45,1440.0
103/09/01,3289.0,104541.0,30.95,32.6,30.7,32.0,1.45,1728.0
103/09/02,1860.0,57512.0,31.95,31.95,30.3,30.4,-1.60,1050.0
103/09/03,1032.0,31589.0,30.6,31.1,30.0,30.15,-0.25,549.0
103/09/04,2911.0,91985.0,30.2,32.25,30.2,32.25,2.10,1410.0
103/09/05,2521.0,80898.0,32.35,32.4,31.7,32.3,0.05,1301.0
103/09/09,2857.0,96678.0,33.7,34.55,32.9,34.55,2.25,1446.0
103/09/10,2565.0,84901.0,34.0,34.0,32.5,32.95,-1.60,1384.0
103/09/11,2311.0,75514.0,33.1,33.65,31.95,32.25,-0.70,1185.0
103/09/12,1024.0,32878.0,32.5,32.85,31.7,31.7,-0.55,563.0
103/09/15,1115.0,34239.0,31.0,31.7,30.0,30.2,-1.50,653.0
103/09/16,860.0,26344.0,30.5,31.2,30.1,30.5,0.30,525.0
103/09/17,724.0,22243.0,30.9,31.1,30.3,30.35,-0.15,402.0
103/09/18,658.0,20243.0,30.6,31.15,30.25,30.7,0.35,378.0
103/09/19,1123.0,35273.0,31.0,31.85,31.0,31.25,0.55,642.0
103/09/22,555.0,17060.0,31.2,31.2,30.55,30.6,-0.65,298.0
103/09/23,585.0,17742.0,30.65,30.85,30.2,30.2,-0.40,343.0
103/09/24,582.0,17365.0,29.5,30.2,29.5,29.9,-0.30,340.0
103/09/25,1193.0,34402.0,30.2,30.4,27.9,28.5,-1.40,669.0
103/09/26,897.0,24763.0,27.9,27.95,27.3,27.85,-0.65,522.0
103/09/29,337.0,9419.0,27.85,28.25,27.8,27.9,0.05,230.0
103/09/30,482.0,13499.0,28.1,28.5,27.5,28.25,0.35,280.0
103/10/01,361.0,10275.0,28.2,29.0,28.0,28.4,0.15,193.0
103/10/02,276.0,7792.0,27.9,28.7,27.8,28.15,-0.25,149.0
103/10/03,505.0,14589.0,28.25,29.3,28.2,29.0,0.85,311.0
103/10/06,250.0,7240.0,29.1,29.35,28.65,29.0,0.00,154.0
103/10/07,243.0,6902.0,29.0,29.0,28.25,28.3,-0.70,153.0
103/10/08,477.0,13288.0,28.0,28.3,27.6,27.7,-0.60,271.0
103/10/09,1088.0,28550.0,27.9,28.0,25.8,25.8,-1.90,529.0
103/10/13,414.0,9928.0,24.0,24.0,24.0,24.0,-1.80,138.0
103/10/14,589.0,13172.0,22.35,22.35,22.35,22.35,-1.65,240.0
103/10/15,1905.0,42628.0,21.6,23.1,21.6,22.6,0.25,833.0
103/10/16,1344.0,28651.0,22.35,22.35,21.05,21.3,-1.30,615.0
103/10/17,787.0,16998.0,21.5,21.95,21.0,21.5,0.20,384.0
103/10/20,1139.0,25638.0,22.0,23.0,21.8,22.4,0.90,520.0
103/10/21,306.0,6796.0,22.45,22.45,22.0,22.3,-0.10,185.0
103/10/22,503.0,11318.0,22.6,22.95,22.35,22.35,0.05,218.0
103/10/23,521.0,11492.0,22.2,22.35,21.7,22.05,-0.30,224.0
103/10/24,601.0,13314.0,22.3,22.65,21.7,22.1,0.05,280.0
103/10/27,994.0,21344.0,22.3,22.4,20.6,20.6,-1.50,356.0
103/10/28,901.0,18935.0,20.6,21.5,20.5,21.5,0.90,413.0
103/10/29,653.0,14369.0,21.9,22.35,21.3,22.05,0.55,287.0
103/10/30,879.0,19924.0,22.15,23.25,21.8,22.8,0.75,484.0
103/10/31,619.0,14061.0,23.0,23.2,22.4,22.6,-0.20,283.0
103/11/03,681.0,15677.0,22.6,23.45,22.6,22.85,0.25,353.0
103/11/04,313.0,7195.0,22.95,23.2,22.8,22.85,0.00,159.0
103/11/05,1229.0,29723.0,22.95,24.4,22.95,24.4,1.55,559.0
103/11/06,2757.0,68955.0,24.7,25.65,24.4,24.4,0.00,1457.0
103/11/07,686.0,16583.0,24.4,24.65,23.8,24.4,0.00,380.0
103/11/10,560.0,13422.0,24.4,24.4,23.6,23.8,-0.60,270.0
103/11/11,663.0,16006.0,23.8,24.65,23.65,23.7,-0.10,337.0
103/11/12,341.0,8016.0,23.7,23.95,23.2,23.2,-0.50,212.0
103/11/13,423.0,9743.0,23.2,23.6,22.8,23.0,-0.20,202.0
103/11/14,367.0,8525.0,23.2,23.45,23.0,23.1,0.10,176.0
103/11/17,242.0,5507.0,23.3,23.3,22.6,22.6,-0.50,145.0
103/11/18,391.0,8685.0,22.9,22.9,22.0,22.0,-0.60,209.0
103/11/19,168.0,3742.0,22.05,22.5,22.05,22.2,0.20,97.0
103/11/20,155.0,3467.0,22.25,22.6,22.15,22.35,0.15,107.0
103/11/21,386.0,8863.0,22.4,23.3,22.4,23.05,0.70,242.0
103/11/24,281.0,6530.0,23.3,23.6,23.0,23.0,-0.05,169.0
103/11/25,160.0,3697.0,23.1,23.25,23.0,23.25,0.25,95.0
103/11/26,403.0,9466.0,23.5,23.95,23.1,23.3,0.05,203.0
103/11/27,245.0,5645.0,23.4,23.4,22.85,22.95,-0.35,133.0
103/11/28,182.0,4155.0,23.15,23.15,22.6,22.85,-0.10,106.0
103/12/01,67.0,1503.0,22.2,22.6,22.0,22.5,-0.35,57.0
103/12/02,826.0,19576.0,22.5,24.05,22.4,24.05,1.55,380.0
103/12/03,1675.0,42620.0,25.0,25.7,24.7,25.7,1.65,710.0
103/12/04,3253.0,87960.0,26.5,27.45,26.5,27.45,1.75,1523.0
103/12/05,1776.0,48467.0,27.5,27.9,26.9,27.8,0.35,849.0
103/12/08,1106.0,30343.0,28.0,28.3,27.05,27.1,-0.70,534.0
103/12/09,1463.0,40498.0,26.9,28.35,26.85,27.25,0.15,805.0
103/12/10,808.0,21692.0,27.0,27.3,26.55,26.6,-0.65,394.0
103/12/11,388.0,10132.0,26.3,26.4,25.85,25.85,-0.75,243.0
103/12/12,948.0,24550.0,26.0,26.7,25.45,25.7,-0.15,527.0
103/12/15,269.0,6846.0,25.1,25.65,25.1,25.55,-0.15,151.0
103/12/16,1218.0,32936.0,25.6,27.3,25.6,27.3,1.75,514.0
103/12/17,1718.0,47000.0,27.65,28.2,26.5,26.5,-0.80,886.0
103/12/18,436.0,11588.0,26.65,26.95,26.3,26.4,-0.10,255.0
103/12/19,514.0,13465.0,27.0,27.0,25.25,25.6,-0.80,275.0
103/12/22,231.0,6013.0,26.0,26.35,25.55,26.0,0.40,142.0
103/12/23,397.0,10597.0,26.2,27.2,26.2,26.5,0.50,247.0
103/12/24,325.0,8623.0,26.6,26.85,26.25,26.3,-0.20,197.0
103/12/25,263.0,6910.0,26.5,26.6,26.0,26.25,-0.05,165.0
103/12/26,432.0,11558.0,26.4,27.05,26.4,26.8,0.55,280.0
103/12/27,288.0,7651.0,27.2,27.2,26.4,26.6,-0.20,146.0
103/12/29,301.0,8014.0,26.6,26.85,26.45,26.7,0.10,156.0
103/12/30,278.0,7394.0,26.6,26.85,26.45,26.6,-0.10,160.0
103/12/31,217.0,5774.0,26.6,26.8,26.4,26.5,-0.10,141.0
104/01/05,325.0,8517.0,26.4,26.4,26.05,26.2,-0.30,166.0
104/01/06,463.0,11759.0,25.5,25.85,25.05,25.25,-0.95,240.0
104/01/07,191.0,4875.0,25.35,25.8,25.15,25.15,-0.10,118.0
104/01/08,153.0,3906.0,25.35,25.7,25.35,25.5,0.35,93.0
104/01/09,140.0,3571.0,25.5,25.7,25.4,25.45,-0.05,82.0
104/01/12,278.0,6972.0,25.45,25.45,24.9,25.05,-0.40,149.0
104/01/13,358.0,8876.0,25.0,25.25,24.5,24.6,-0.45,192.0
104/01/14,1161.0,29370.0,24.8,26.2,24.2,25.75,1.15,574.0
104/01/15,251.0,6400.0,25.8,25.9,25.35,25.4,-0.35,161.0
104/01/16,193.0,4841.0,25.2,25.3,24.85,24.85,-0.55,111.0
104/01/19,196.0,4862.0,25.05,25.2,24.3,24.3,-0.55,125.0
104/01/20,96.0,2369.0,24.35,25.05,24.35,24.9,0.60,79.0
104/01/21,77.0,1928.0,25.2,25.2,24.65,25.05,0.15,58.0
104/01/22,105.0,2618.0,25.05,25.05,24.75,24.9,-0.15,76.0
104/01/23,245.0,6144.0,25.2,25.35,24.9,24.9,0.00,149.0
104/01/26,96.0,2406.0,25.2,25.2,24.9,24.9,0.00,67.0
104/01/27,290.0,7310.0,24.9,25.75,24.9,25.05,0.15,183.0
104/01/28,203.0,5059.0,25.1,25.1,24.8,24.85,-0.20,120.0
104/01/29,143.0,3552.0,25.0,25.0,24.65,24.8,-0.05,89.0
104/01/30,76.0,1883.0,25.2,25.2,24.6,24.6,-0.20,53.0
104/02/02,173.0,4217.0,24.3,24.5,24.3,24.35,-0.25,97.0
104/02/03,61.0,1481.0,24.4,24.6,24.2,24.4,0.05,44.0
104/02/04,290.0,7196.0,24.5,25.1,24.4,24.65,0.25,177.0
104/02/05,110.0,2703.0,24.6,24.75,24.3,24.3,-0.35,66.0
